Product Name,Region,Ship Mode,Factory,Orders,Units,Sales,Gross_Profit,Cost,Current Lead Time,Scenario Factory,Is_Current,Scenario Lead Time,Profit_Margin,Lead Time Reduction,Lead Time Reduction %,Speed_Score,Profit_Safety_Score,Speed_Normalized,Profit_Normalized,Optimization Score,Confidence_Score,Scenario Confidence,Risk
Everlasting Gobstopper,Gulf,Standard Class,Lot's O' Nuts,1,4,40.0,32.0,8.0,5.0,Lot's O' Nuts,False,4.5,0.784,0.5,10.0,0.5,0.9607843137254901,0.5,0.9607843137254901,0.7303921568627451,0.7303921568627451,Medium,Medium
Everlasting Gobstopper,Gulf,Standard Class,Secret Factory,1,4,40.0,32.0,8.0,5.0,Secret Factory,False,4.0,0.768,1.0,20.0,1.0,0.9411764705882353,1.0,0.9411764705882353,0.9705882352941176,0.9705882352941176,High,Low
Everlasting Gobstopper,Gulf,Standard Class,Sugar Shack,1,4,40.0,32.0,8.0,5.0,Sugar Shack,False,4.75,0.8,0.25,5.0,0.25,0.9803921568627451,0.25,0.9803921568627451,0.6151960784313726,0.6151960784313726,Medium,Medium
Everlasting Gobstopper,Gulf,Standard Class,The Other Factory,1,4,40.0,32.0,8.0,5.0,The Other Factory,False,5.25,0.8160000000000001,-0.25,-5.0,-0.25,1.0,0.0,1.0,0.5,0.5,Medium,Medium
Everlasting Gobstopper,Gulf,Standard Class,Wicked Choccy's,1,4,40.0,32.0,8.0,5.0,Wicked Choccy's,False,4.25,0.776,0.75,15.0,0.75,0.9509803921568627,0.75,0.9509803921568627,0.8504901960784313,0.8504901960784313,High,Low
Everlasting Gobstopper,Interior,Standard Class,Lot's O' Nuts,1,3,30.0,24.0,6.0,5.0,Lot's O' Nuts,False,4.5,0.784,0.5,10.0,0.5,0.9607843137254901,0.5,0.9607843137254901,0.7303921568627451,0.7303921568627451,Medium,Medium
Everlasting Gobstopper,Interior,Standard Class,Secret Factory,1,3,30.0,24.0,6.0,5.0,Secret Factory,False,4.0,0.768,1.0,20.0,1.0,0.9411764705882353,1.0,0.9411764705882353,0.9705882352941176,0.9705882352941176,High,Low
Everlasting Gobstopper,Interior,Standard Class,Sugar Shack,1,3,30.0,24.0,6.0,5.0,Sugar Shack,False,4.75,0.8,0.25,5.0,0.25,0.9803921568627451,0.25,0.9803921568627451,0.6151960784313726,0.6151960784313726,Medium,Medium
Everlasting Gobstopper,Interior,Standard Class,The Other Factory,1,3,30.0,24.0,6.0,5.0,The Other Factory,False,5.25,0.8160000000000001,-0.25,-5.0,-0.25,1.0,0.0,1.0,0.5,0.5,Medium,Medium
Everlasting Gobstopper,Interior,Standard Class,Wicked Choccy's,1,3,30.0,24.0,6.0,5.0,Wicked Choccy's,False,4.25,0.776,0.75,15.0,0.75,0.9509803921568627,0.75,0.9509803921568627,0.8504901960784313,0.8504901960784313,High,Low
Everlasting Gobstopper,Pacific,First Class,Lot's O' Nuts,1,6,60.0,48.0,12.0,2.0,Lot's O' Nuts,False,1.8,0.784,0.19999999999999996,9.999999999999998,0.4999999999999999,0.9607843137254901,0.4999999999999999,0.9607843137254901,0.730392156862745,0.730392156862745,Medium,Medium
Everlasting Gobstopper,Pacific,First Class,Secret Factory,1,6,60.0,48.0,12.0,2.0,Secret Factory,False,1.6,0.768,0.3999999999999999,19.999999999999996,0.9999999999999998,0.9411764705882353,0.9999999999999998,0.9411764705882353,0.9705882352941175,0.9705882352941175,High,Low
Everlasting Gobstopper,Pacific,First Class,Sugar Shack,1,6,60.0,48.0,12.0,2.0,Sugar Shack,False,1.9,0.8,0.10000000000000009,5.000000000000004,0.2500000000000002,0.9803921568627451,0.2500000000000002,0.9803921568627451,0.6151960784313726,0.6151960784313726,Medium,Medium
Everlasting Gobstopper,Pacific,First Class,The Other Factory,1,6,60.0,48.0,12.0,2.0,The Other Factory,False,2.1,0.8160000000000001,-0.10000000000000009,-5.000000000000004,-0.2500000000000002,1.0,0.0,1.0,0.5,0.5,Medium,Medium
Everlasting Gobstopper,Pacific,First Class,Wicked Choccy's,1,6,60.0,48.0,12.0,2.0,Wicked Choccy's,False,1.7,0.776,0.30000000000000004,15.000000000000002,0.7500000000000001,0.9509803921568627,0.7500000000000001,0.9509803921568627,0.8504901960784315,0.8504901960784315,High,Low
Fizzy Lifting Drinks,Atlantic,First Class,Lot's O' Nuts,1,4,15.0,9.0,6.0,2.0,Lot's O' Nuts,False,1.8,0.588,0.19999999999999996,9.999999999999998,0.4999999999999999,0.7205882352941175,0.4999999999999999,0.7205882352941175,0.6102941176470587,0.6102941176470587,Medium,Medium
Fizzy Lifting Drinks,Atlantic,First Class,Secret Factory,1,4,15.0,9.0,6.0,2.0,Secret Factory,False,1.6,0.576,0.3999999999999999,19.999999999999996,0.9999999999999998,0.7058823529411764,0.9999999999999998,0.7058823529411764,0.8529411764705881,0.8529411764705881,High,Low
Fizzy Lifting Drinks,Atlantic,First Class,Sugar Shack,1,4,15.0,9.0,6.0,2.0,Sugar Shack,False,1.9,0.6,0.10000000000000009,5.000000000000004,0.2500000000000002,0.7352941176470588,0.2500000000000002,0.7352941176470588,0.4926470588235295,0.4926470588235295,Low,High
Fizzy Lifting Drinks,Atlantic,First Class,The Other Factory,1,4,15.0,9.0,6.0,2.0,The Other Factory,False,2.1,0.612,-0.10000000000000009,-5.000000000000004,-0.2500000000000002,0.7499999999999999,0.0,0.7499999999999999,0.37499999999999994,0.37499999999999994,Low,High
Fizzy Lifting Drinks,Atlantic,First Class,Wicked Choccy's,1,4,15.0,9.0,6.0,2.0,Wicked Choccy's,False,1.7,0.582,0.30000000000000004,15.000000000000002,0.7500000000000001,0.713235294117647,0.7500000000000001,0.713235294117647,0.7316176470588236,0.7316176470588236,Medium,Medium
Fizzy Lifting Drinks,Atlantic,Standard Class,Lot's O' Nuts,1,5,18.75,11.25,7.5,5.0,Lot's O' Nuts,False,4.5,0.588,0.5,10.0,0.5,0.7205882352941175,0.5,0.7205882352941175,0.6102941176470588,0.6102941176470588,Medium,Medium
Fizzy Lifting Drinks,Atlantic,Standard Class,Secret Factory,1,5,18.75,11.25,7.5,5.0,Secret Factory,False,4.0,0.576,1.0,20.0,1.0,0.7058823529411764,1.0,0.7058823529411764,0.8529411764705882,0.8529411764705882,High,Low
Fizzy Lifting Drinks,Atlantic,Standard Class,Sugar Shack,1,5,18.75,11.25,7.5,5.0,Sugar Shack,False,4.75,0.6,0.25,5.0,0.25,0.7352941176470588,0.25,0.7352941176470588,0.4926470588235294,0.4926470588235294,Low,High
Fizzy Lifting Drinks,Atlantic,Standard Class,The Other Factory,1,5,18.75,11.25,7.5,5.0,The Other Factory,False,5.25,0.612,-0.25,-5.0,-0.25,0.7499999999999999,0.0,0.7499999999999999,0.37499999999999994,0.37499999999999994,Low,High
Fizzy Lifting Drinks,Atlantic,Standard Class,Wicked Choccy's,1,5,18.75,11.25,7.5,5.0,Wicked Choccy's,False,4.25,0.582,0.75,15.0,0.75,0.713235294117647,0.75,0.713235294117647,0.7316176470588235,0.7316176470588235,Medium,Medium
Fizzy Lifting Drinks,Gulf,Standard Class,Lot's O' Nuts,1,4,15.0,9.0,6.0,5.0,Lot's O' Nuts,False,4.5,0.588,0.5,10.0,0.5,0.7205882352941175,0.5,0.7205882352941175,0.6102941176470588,0.6102941176470588,Medium,Medium
Fizzy Lifting Drinks,Gulf,Standard Class,Secret Factory,1,4,15.0,9.0,6.0,5.0,Secret Factory,False,4.0,0.576,1.0,20.0,1.0,0.7058823529411764,1.0,0.7058823529411764,0.8529411764705882,0.8529411764705882,High,Low
Fizzy Lifting Drinks,Gulf,Standard Class,Sugar Shack,1,4,15.0,9.0,6.0,5.0,Sugar Shack,False,4.75,0.6,0.25,5.0,0.25,0.7352941176470588,0.25,0.7352941176470588,0.4926470588235294,0.4926470588235294,Low,High
Fizzy Lifting Drinks,Gulf,Standard Class,The Other Factory,1,4,15.0,9.0,6.0,5.0,The Other Factory,False,5.25,0.612,-0.25,-5.0,-0.25,0.7499999999999999,0.0,0.7499999999999999,0.37499999999999994,0.37499999999999994,Low,High
Fizzy Lifting Drinks,Gulf,Standard Class,Wicked Choccy's,1,4,15.0,9.0,6.0,5.0,Wicked Choccy's,False,4.25,0.582,0.75,15.0,0.75,0.713235294117647,0.75,0.713235294117647,0.7316176470588235,0.7316176470588235,Medium,Medium
Fizzy Lifting Drinks,Interior,First Class,Lot's O' Nuts,1,2,7.5,4.5,3.0,2.0,Lot's O' Nuts,False,1.8,0.588,0.19999999999999996,9.999999999999998,0.4999999999999999,0.7205882352941175,0.4999999999999999,0.7205882352941175,0.6102941176470587,0.6102941176470587,Medium,Medium
Fizzy Lifting Drinks,Interior,First Class,Secret Factory,1,2,7.5,4.5,3.0,2.0,Secret Factory,False,1.6,0.576,0.3999999999999999,19.999999999999996,0.9999999999999998,0.7058823529411764,0.9999999999999998,0.7058823529411764,0.8529411764705881,0.8529411764705881,High,Low
Fizzy Lifting Drinks,Interior,First Class,Sugar Shack,1,2,7.5,4.5,3.0,2.0,Sugar Shack,False,1.9,0.6,0.10000000000000009,5.000000000000004,0.2500000000000002,0.7352941176470588,0.2500000000000002,0.7352941176470588,0.4926470588235295,0.4926470588235295,Low,High
Fizzy Lifting Drinks,Interior,First Class,The Other Factory,1,2,7.5,4.5,3.0,2.0,The Other Factory,False,2.1,0.612,-0.10000000000000009,-5.000000000000004,-0.2500000000000002,0.7499999999999999,0.0,0.7499999999999999,0.37499999999999994,0.37499999999999994,Low,High
Fizzy Lifting Drinks,Interior,First Class,Wicked Choccy's,1,2,7.5,4.5,3.0,2.0,Wicked Choccy's,False,1.7,0.582,0.30000000000000004,15.000000000000002,0.7500000000000001,0.713235294117647,0.7500000000000001,0.713235294117647,0.7316176470588236,0.7316176470588236,Medium,Medium
Fizzy Lifting Drinks,Interior,Standard Class,Lot's O' Nuts,1,3,11.25,6.75,4.5,5.0,Lot's O' Nuts,False,4.5,0.588,0.5,10.0,0.5,0.7205882352941175,0.5,0.7205882352941175,0.6102941176470588,0.6102941176470588,Medium,Medium
Fizzy Lifting Drinks,Interior,Standard Class,Secret Factory,1,3,11.25,6.75,4.5,5.0,Secret Factory,False,4.0,0.576,1.0,20.0,1.0,0.7058823529411764,1.0,0.7058823529411764,0.8529411764705882,0.8529411764705882,High,Low
Fizzy Lifting Drinks,Interior,Standard Class,Sugar Shack,1,3,11.25,6.75,4.5,5.0,Sugar Shack,False,4.75,0.6,0.25,5.0,0.25,0.7352941176470588,0.25,0.7352941176470588,0.4926470588235294,0.4926470588235294,Low,High
Fizzy Lifting Drinks,Interior,Standard Class,The Other Factory,1,3,11.25,6.75,4.5,5.0,The Other Factory,False,5.25,0.612,-0.25,-5.0,-0.25,0.7499999999999999,0.0,0.7499999999999999,0.37499999999999994,0.37499999999999994,Low,High
Fizzy Lifting Drinks,Interior,Standard Class,Wicked Choccy's,1,3,11.25,6.75,4.5,5.0,Wicked Choccy's,False,4.25,0.582,0.75,15.0,0.75,0.713235294117647,0.75,0.713235294117647,0.7316176470588235,0.7316176470588235,Medium,Medium
Fizzy Lifting Drinks,Pacific,Standard Class,Lot's O' Nuts,1,3,11.25,6.75,4.5,5.0,Lot's O' Nuts,False,4.5,0.588,0.5,10.0,0.5,0.7205882352941175,0.5,0.7205882352941175,0.6102941176470588,0.6102941176470588,Medium,Medium
Fizzy Lifting Drinks,Pacific,Standard Class,Secret Factory,1,3,11.25,6.75,4.5,5.0,Secret Factory,False,4.0,0.576,1.0,20.0,1.0,0.7058823529411764,1.0,0.7058823529411764,0.8529411764705882,0.8529411764705882,High,Low
Fizzy Lifting Drinks,Pacific,Standard Class,Sugar Shack,1,3,11.25,6.75,4.5,5.0,Sugar Shack,False,4.75,0.6,0.25,5.0,0.25,0.7352941176470588,0.25,0.7352941176470588,0.4926470588235294,0.4926470588235294,Low,High
Fizzy Lifting Drinks,Pacific,Standard Class,The Other Factory,1,3,11.25,6.75,4.5,5.0,The Other Factory,False,5.25,0.612,-0.25,-5.0,-0.25,0.7499999999999999,0.0,0.7499999999999999,0.37499999999999994,0.37499999999999994,Low,High
Fizzy Lifting Drinks,Pacific,Standard Class,Wicked Choccy's,1,3,11.25,6.75,4.5,5.0,Wicked Choccy's,False,4.25,0.582,0.75,15.0,0.75,0.713235294117647,0.75,0.713235294117647,0.7316176470588235,0.7316176470588235,Medium,Medium
Fun Dip,Atlantic,Standard Class,Lot's O' Nuts,1,4,6.0,2.4,3.6,5.0,Lot's O' Nuts,False,4.5,0.39199999999999996,0.5,10.0,0.5,0.480392156862745,0.5,0.480392156862745,0.4901960784313725,0.4901960784313725,Low,High
Fun Dip,Atlantic,Standard Class,Secret Factory,1,4,6.0,2.4,3.6,5.0,Secret Factory,False,4.0,0.38399999999999995,1.0,20.0,1.0,0.47058823529411753,1.0,0.47058823529411753,0.7352941176470588,0.7352941176470588,Medium,Medium
Fun Dip,Atlantic,Standard Class,Sugar Shack,1,4,6.0,2.4,3.6,5.0,Sugar Shack,False,4.75,0.39999999999999997,0.25,5.0,0.25,0.4901960784313725,0.25,0.4901960784313725,0.37009803921568624,0.37009803921568624,Low,High
Fun Dip,Atlantic,Standard Class,The Other Factory,1,4,6.0,2.4,3.6,5.0,The Other Factory,False,5.25,0.408,-0.25,-5.0,-0.25,0.49999999999999994,0.0,0.49999999999999994,0.24999999999999997,0.24999999999999997,Low,High
Fun Dip,Atlantic,Standard Class,Wicked Choccy's,1,4,6.0,2.4,3.6,5.0,Wicked Choccy's,False,4.25,0.38799999999999996,0.75,15.0,0.75,0.4754901960784313,0.75,0.4754901960784313,0.6127450980392156,0.6127450980392156,Medium,Medium
Fun Dip,Gulf,Second Class,Lot's O' Nuts,1,1,1.5,0.6,0.9,3.0,Lot's O' Nuts,False,2.7,0.39199999999999996,0.2999999999999998,9.999999999999993,0.49999999999999967,0.480392156862745,0.49999999999999967,0.480392156862745,0.49019607843137236,0.49019607843137236,Low,High
Fun Dip,Gulf,Second Class,Secret Factory,1,1,1.5,0.6,0.9,3.0,Secret Factory,False,2.4000000000000004,0.38399999999999995,0.5999999999999996,19.999999999999986,0.9999999999999993,0.47058823529411753,0.9999999999999993,0.47058823529411753,0.7352941176470584,0.7352941176470584,Medium,Medium
Fun Dip,Gulf,Second Class,Sugar Shack,1,1,1.5,0.6,0.9,3.0,Sugar Shack,False,2.8499999999999996,0.39999999999999997,0.15000000000000036,5.000000000000012,0.2500000000000006,0.4901960784313725,0.2500000000000006,0.4901960784313725,0.3700980392156865,0.3700980392156865,Low,High
Fun Dip,Gulf,Second Class,The Other Factory,1,1,1.5,0.6,0.9,3.0,The Other Factory,False,3.1500000000000004,0.408,-0.15000000000000036,-5.000000000000012,-0.2500000000000006,0.49999999999999994,0.0,0.49999999999999994,0.24999999999999997,0.24999999999999997,Low,High
Fun Dip,Gulf,Second Class,Wicked Choccy's,1,1,1.5,0.6,0.9,3.0,Wicked Choccy's,False,2.55,0.38799999999999996,0.4500000000000002,15.000000000000005,0.7500000000000002,0.4754901960784313,0.7500000000000002,0.4754901960784313,0.6127450980392157,0.6127450980392157,Medium,Medium
Fun Dip,Interior,Second Class,Lot's O' Nuts,1,3,4.5,1.8,2.7,3.0,Lot's O' Nuts,False,2.7,0.392,0.2999999999999998,9.999999999999993,0.49999999999999967,0.48039215686274506,0.49999999999999967,0.48039215686274506,0.49019607843137236,0.49019607843137236,Low,High
Fun Dip,Interior,Second Class,Secret Factory,1,3,4.5,1.8,2.7,3.0,Secret Factory,False,2.4000000000000004,0.384,0.5999999999999996,19.999999999999986,0.9999999999999993,0.47058823529411764,0.9999999999999993,0.47058823529411764,0.7352941176470584,0.7352941176470584,Medium,Medium
Fun Dip,Interior,Second Class,Sugar Shack,1,3,4.5,1.8,2.7,3.0,Sugar Shack,False,2.8499999999999996,0.4,0.15000000000000036,5.000000000000012,0.2500000000000006,0.49019607843137253,0.2500000000000006,0.49019607843137253,0.37009803921568657,0.37009803921568657,Low,High
Fun Dip,Interior,Second Class,The Other Factory,1,3,4.5,1.8,2.7,3.0,The Other Factory,False,3.1500000000000004,0.40800000000000003,-0.15000000000000036,-5.000000000000012,-0.2500000000000006,0.5,0.0,0.5,0.25,0.25,Low,High
Fun Dip,Interior,Second Class,Wicked Choccy's,1,3,4.5,1.8,2.7,3.0,Wicked Choccy's,False,2.55,0.388,0.4500000000000002,15.000000000000005,0.7500000000000002,0.47549019607843135,0.7500000000000002,0.47549019607843135,0.6127450980392157,0.6127450980392157,Medium,Medium
Hair Toffee,Atlantic,Standard Class,Lot's O' Nuts,1,5,22.5,17.5,5.0,5.0,Lot's O' Nuts,False,4.5,0.7622222222222222,0.5,10.0,0.5,0.9340958605664488,0.5,0.9340958605664488,0.7170479302832244,0.7170479302832244,Medium,Medium
Hair Toffee,Atlantic,Standard Class,Secret Factory,1,5,22.5,17.5,5.0,5.0,Secret Factory,False,4.0,0.7466666666666667,1.0,20.0,1.0,0.9150326797385621,1.0,0.9150326797385621,0.957516339869281,0.957516339869281,High,Low
Hair Toffee,Atlantic,Standard Class,Sugar Shack,1,5,22.5,17.5,5.0,5.0,Sugar Shack,False,4.75,0.7777777777777778,0.25,5.0,0.25,0.9531590413943355,0.25,0.9531590413943355,0.6015795206971677,0.6015795206971677,Medium,Medium
Hair Toffee,Atlantic,Standard Class,The Other Factory,1,5,22.5,17.5,5.0,5.0,The Other Factory,False,5.25,0.7933333333333333,-0.25,-5.0,-0.25,0.9722222222222221,0.0,0.9722222222222221,0.48611111111111105,0.48611111111111105,Low,High
Hair Toffee,Atlantic,Standard Class,Wicked Choccy's,1,5,22.5,17.5,5.0,5.0,Wicked Choccy's,False,4.25,0.7544444444444445,0.75,15.0,0.75,0.9245642701525054,0.75,0.9245642701525054,0.8372821350762527,0.8372821350762527,High,Low
Hair Toffee,Gulf,Same Day,Lot's O' Nuts,1,2,9.0,7.0,2.0,1.0,Lot's O' Nuts,False,0.9,0.7622222222222222,0.09999999999999998,9.999999999999998,0.4999999999999999,0.9340958605664488,0.4999999999999999,0.9340958605664488,0.7170479302832243,0.7170479302832243,Medium,Medium
Hair Toffee,Gulf,Same Day,Secret Factory,1,2,9.0,7.0,2.0,1.0,Secret Factory,False,0.8,0.7466666666666667,0.19999999999999996,19.999999999999996,0.9999999999999998,0.9150326797385621,0.9999999999999998,0.9150326797385621,0.957516339869281,0.957516339869281,High,Low
Hair Toffee,Gulf,Same Day,Sugar Shack,1,2,9.0,7.0,2.0,1.0,Sugar Shack,False,0.95,0.7777777777777778,0.050000000000000044,5.000000000000004,0.2500000000000002,0.9531590413943355,0.2500000000000002,0.9531590413943355,0.6015795206971679,0.6015795206971679,Medium,Medium
Hair Toffee,Gulf,Same Day,The Other Factory,1,2,9.0,7.0,2.0,1.0,The Other Factory,False,1.05,0.7933333333333333,-0.050000000000000044,-5.000000000000004,-0.2500000000000002,0.9722222222222221,0.0,0.9722222222222221,0.48611111111111105,0.48611111111111105,Low,High
Hair Toffee,Gulf,Same Day,Wicked Choccy's,1,2,9.0,7.0,2.0,1.0,Wicked Choccy's,False,0.85,0.7544444444444445,0.15000000000000002,15.000000000000002,0.7500000000000001,0.9245642701525054,0.7500000000000001,0.9245642701525054,0.8372821350762527,0.8372821350762527,High,Low
Hair Toffee,Pacific,First Class,Lot's O' Nuts,1,5,22.5,17.5,5.0,2.0,Lot's O' Nuts,False,1.8,0.7622222222222222,0.19999999999999996,9.999999999999998,0.4999999999999999,0.9340958605664488,0.4999999999999999,0.9340958605664488,0.7170479302832243,0.7170479302832243,Medium,Medium
Hair Toffee,Pacific,First Class,Secret Factory,1,5,22.5,17.5,5.0,2.0,Secret Factory,False,1.6,0.7466666666666667,0.3999999999999999,19.999999999999996,0.9999999999999998,0.9150326797385621,0.9999999999999998,0.9150326797385621,0.957516339869281,0.957516339869281,High,Low
Hair Toffee,Pacific,First Class,Sugar Shack,1,5,22.5,17.5,5.0,2.0,Sugar Shack,False,1.9,0.7777777777777778,0.10000000000000009,5.000000000000004,0.2500000000000002,0.9531590413943355,0.2500000000000002,0.9531590413943355,0.6015795206971679,0.6015795206971679,Medium,Medium
Hair Toffee,Pacific,First Class,The Other Factory,1,5,22.5,17.5,5.0,2.0,The Other Factory,False,2.1,0.7933333333333333,-0.10000000000000009,-5.000000000000004,-0.2500000000000002,0.9722222222222221,0.0,0.9722222222222221,0.48611111111111105,0.48611111111111105,Low,High
Hair Toffee,Pacific,First Class,Wicked Choccy's,1,5,22.5,17.5,5.0,2.0,Wicked Choccy's,False,1.7,0.7544444444444445,0.30000000000000004,15.000000000000002,0.7500000000000001,0.9245642701525054,0.7500000000000001,0.9245642701525054,0.8372821350762527,0.8372821350762527,High,Low
Hair Toffee,Pacific,Standard Class,Lot's O' Nuts,1,5,22.5,17.5,5.0,5.0,Lot's O' Nuts,False,4.5,0.7622222222222222,0.5,10.0,0.5,0.9340958605664488,0.5,0.9340958605664488,0.7170479302832244,0.7170479302832244,Medium,Medium
Hair Toffee,Pacific,Standard Class,Secret Factory,1,5,22.5,17.5,5.0,5.0,Secret Factory,False,4.0,0.7466666666666667,1.0,20.0,1.0,0.9150326797385621,1.0,0.9150326797385621,0.957516339869281,0.957516339869281,High,Low
Hair Toffee,Pacific,Standard Class,Sugar Shack,1,5,22.5,17.5,5.0,5.0,Sugar Shack,False,4.75,0.7777777777777778,0.25,5.0,0.25,0.9531590413943355,0.25,0.9531590413943355,0.6015795206971677,0.6015795206971677,Medium,Medium
Hair Toffee,Pacific,Standard Class,The Other Factory,1,5,22.5,17.5,5.0,5.0,The Other Factory,False,5.25,0.7933333333333333,-0.25,-5.0,-0.25,0.9722222222222221,0.0,0.9722222222222221,0.48611111111111105,0.48611111111111105,Low,High
Hair Toffee,Pacific,Standard Class,Wicked Choccy's,1,5,22.5,17.5,5.0,5.0,Wicked Choccy's,False,4.25,0.7544444444444445,0.75,15.0,0.75,0.9245642701525054,0.75,0.9245642701525054,0.8372821350762527,0.8372821350762527,High,Low
Kazookles,Atlantic,First Class,Lot's O' Nuts,5,24,78.0,6.0,72.0,2.0,Lot's O' Nuts,False,1.8,0.07538461538461538,0.19999999999999996,9.999999999999998,0.4999999999999999,0.09238310708898943,0.4999999999999999,0.09238310708898943,0.29619155354449467,0.29619155354449467,Low,High
Kazookles,Atlantic,First Class,Secret Factory,5,24,78.0,6.0,72.0,2.0,Secret Factory,False,1.6,0.07384615384615385,0.3999999999999999,19.999999999999996,0.9999999999999998,0.09049773755656108,0.9999999999999998,0.09049773755656108,0.5452488687782804,0.5452488687782804,Medium,Medium
Kazookles,Atlantic,First Class,Sugar Shack,5,24,78.0,6.0,72.0,2.0,Sugar Shack,False,1.9,0.07692307692307693,0.10000000000000009,5.000000000000004,0.2500000000000002,0.0942684766214178,0.2500000000000002,0.0942684766214178,0.172134238310709,0.172134238310709,Low,High
Kazookles,Atlantic,First Class,The Other Factory,5,24,78.0,6.0,72.0,2.0,The Other Factory,False,2.1,0.07846153846153847,-0.10000000000000009,-5.000000000000004,-0.2500000000000002,0.09615384615384616,0.0,0.09615384615384616,0.04807692307692308,0.04807692307692308,Low,High
Kazookles,Atlantic,First Class,Wicked Choccy's,5,24,78.0,6.0,72.0,2.0,Wicked Choccy's,False,1.7,0.07461538461538461,0.30000000000000004,15.000000000000002,0.7500000000000001,0.09144042232277526,0.7500000000000001,0.09144042232277526,0.4207202111613877,0.4207202111613877,Low,High
Kazookles,Atlantic,Same Day,Lot's O' Nuts,2,6,19.5,1.5,18.0,1.0,Lot's O' Nuts,False,0.9,0.07538461538461538,0.09999999999999998,9.999999999999998,0.4999999999999999,0.09238310708898943,0.4999999999999999,0.09238310708898943,0.29619155354449467,0.29619155354449467,Low,High
Kazookles,Atlantic,Same Day,Secret Factory,2,6,19.5,1.5,18.0,1.0,Secret Factory,False,0.8,0.07384615384615385,0.19999999999999996,19.999999999999996,0.9999999999999998,0.09049773755656108,0.9999999999999998,0.09049773755656108,0.5452488687782804,0.5452488687782804,Medium,Medium
Kazookles,Atlantic,Same Day,Sugar Shack,2,6,19.5,1.5,18.0,1.0,Sugar Shack,False,0.95,0.07692307692307693,0.050000000000000044,5.000000000000004,0.2500000000000002,0.0942684766214178,0.2500000000000002,0.0942684766214178,0.172134238310709,0.172134238310709,Low,High
Kazookles,Atlantic,Same Day,The Other Factory,2,6,19.5,1.5,18.0,1.0,The Other Factory,False,1.05,0.07846153846153847,-0.050000000000000044,-5.000000000000004,-0.2500000000000002,0.09615384615384616,0.0,0.09615384615384616,0.04807692307692308,0.04807692307692308,Low,High
Kazookles,Atlantic,Same Day,Wicked Choccy's,2,6,19.5,1.5,18.0,1.0,Wicked Choccy's,False,0.85,0.07461538461538461,0.15000000000000002,15.000000000000002,0.7500000000000001,0.09144042232277526,0.7500000000000001,0.09144042232277526,0.4207202111613877,0.4207202111613877,Low,High
Kazookles,Atlantic,Second Class,Lot's O' Nuts,8,34,110.5,8.5,102.0,3.0,Lot's O' Nuts,False,2.7,0.07538461538461538,0.2999999999999998,9.999999999999993,0.49999999999999967,0.09238310708898943,0.49999999999999967,0.09238310708898943,0.29619155354449456,0.29619155354449456,Low,High
Kazookles,Atlantic,Second Class,Secret Factory,8,34,110.5,8.5,102.0,3.0,Secret Factory,False,2.4000000000000004,0.07384615384615385,0.5999999999999996,19.999999999999986,0.9999999999999993,0.09049773755656108,0.9999999999999993,0.09049773755656108,0.5452488687782802,0.5452488687782802,Medium,Medium
Kazookles,Atlantic,Second Class,Sugar Shack,8,34,110.5,8.5,102.0,3.0,Sugar Shack,False,2.8499999999999996,0.07692307692307693,0.15000000000000036,5.000000000000012,0.2500000000000006,0.0942684766214178,0.2500000000000006,0.0942684766214178,0.1721342383107092,0.1721342383107092,Low,High
Kazookles,Atlantic,Second Class,The Other Factory,8,34,110.5,8.5,102.0,3.0,The Other Factory,False,3.1500000000000004,0.07846153846153847,-0.15000000000000036,-5.000000000000012,-0.2500000000000006,0.09615384615384616,0.0,0.09615384615384616,0.04807692307692308,0.04807692307692308,Low,High
Kazookles,Atlantic,Second Class,Wicked Choccy's,8,34,110.5,8.5,102.0,3.0,Wicked Choccy's,False,2.55,0.07461538461538461,0.4500000000000002,15.000000000000005,0.7500000000000002,0.09144042232277526,0.7500000000000002,0.09144042232277526,0.42072021116138775,0.42072021116138775,Low,High
Kazookles,Atlantic,Standard Class,Lot's O' Nuts,21,85,276.25,21.25,255.0,5.0,Lot's O' Nuts,False,4.5,0.07538461538461538,0.5,10.0,0.5,0.09238310708898943,0.5,0.09238310708898943,0.2961915535444947,0.2961915535444947,Low,High
Kazookles,Atlantic,Standard Class,Secret Factory,21,85,276.25,21.25,255.0,5.0,Secret Factory,False,4.0,0.07384615384615385,1.0,20.0,1.0,0.09049773755656108,1.0,0.09049773755656108,0.5452488687782805,0.5452488687782805,Medium,Medium
Kazookles,Atlantic,Standard Class,Sugar Shack,21,85,276.25,21.25,255.0,5.0,Sugar Shack,False,4.75,0.07692307692307693,0.25,5.0,0.25,0.0942684766214178,0.25,0.0942684766214178,0.1721342383107089,0.1721342383107089,Low,High
Kazookles,Atlantic,Standard Class,The Other Factory,21,85,276.25,21.25,255.0,5.0,The Other Factory,False,5.25,0.07846153846153847,-0.25,-5.0,-0.25,0.09615384615384616,0.0,0.09615384615384616,0.04807692307692308,0.04807692307692308,Low,High
Kazookles,Atlantic,Standard Class,Wicked Choccy's,21,85,276.25,21.25,255.0,5.0,Wicked Choccy's,False,4.25,0.07461538461538461,0.75,15.0,0.75,0.09144042232277526,0.75,0.09144042232277526,0.42072021116138764,0.42072021116138764,Low,High
Kazookles,Gulf,First Class,Lot's O' Nuts,4,13,42.25,3.25,39.0,2.0,Lot's O' Nuts,False,1.8,0.07538461538461538,0.19999999999999996,9.999999999999998,0.4999999999999999,0.09238310708898943,0.4999999999999999,0.09238310708898943,0.29619155354449467,0.29619155354449467,Low,High
Kazookles,Gulf,First Class,Secret Factory,4,13,42.25,3.25,39.0,2.0,Secret Factory,False,1.6,0.07384615384615385,0.3999999999999999,19.999999999999996,0.9999999999999998,0.09049773755656108,0.9999999999999998,0.09049773755656108,0.5452488687782804,0.5452488687782804,Medium,Medium
Kazookles,Gulf,First Class,Sugar Shack,4,13,42.25,3.25,39.0,2.0,Sugar Shack,False,1.9,0.07692307692307693,0.10000000000000009,5.000000000000004,0.2500000000000002,0.0942684766214178,0.2500000000000002,0.0942684766214178,0.172134238310709,0.172134238310709,Low,High
Kazookles,Gulf,First Class,The Other Factory,4,13,42.25,3.25,39.0,2.0,The Other Factory,False,2.1,0.07846153846153847,-0.10000000000000009,-5.000000000000004,-0.2500000000000002,0.09615384615384616,0.0,0.09615384615384616,0.04807692307692308,0.04807692307692308,Low,High
Kazookles,Gulf,First Class,Wicked Choccy's,4,13,42.25,3.25,39.0,2.0,Wicked Choccy's,False,1.7,0.07461538461538461,0.30000000000000004,15.000000000000002,0.7500000000000001,0.09144042232277526,0.7500000000000001,0.09144042232277526,0.4207202111613877,0.4207202111613877,Low,High
Kazookles,Gulf,Same Day,Lot's O' Nuts,2,9,29.25,2.25,27.0,1.0,Lot's O' Nuts,False,0.9,0.07538461538461538,0.09999999999999998,9.999999999999998,0.4999999999999999,0.09238310708898943,0.4999999999999999,0.09238310708898943,0.29619155354449467,0.29619155354449467,Low,High
Kazookles,Gulf,Same Day,Secret Factory,2,9,29.25,2.25,27.0,1.0,Secret Factory,False,0.8,0.07384615384615385,0.19999999999999996,19.999999999999996,0.9999999999999998,0.09049773755656108,0.9999999999999998,0.09049773755656108,0.5452488687782804,0.5452488687782804,Medium,Medium
Kazookles,Gulf,Same Day,Sugar Shack,2,9,29.25,2.25,27.0,1.0,Sugar Shack,False,0.95,0.07692307692307693,0.050000000000000044,5.000000000000004,0.2500000000000002,0.0942684766214178,0.2500000000000002,0.0942684766214178,0.172134238310709,0.172134238310709,Low,High
Kazookles,Gulf,Same Day,The Other Factory,2,9,29.25,2.25,27.0,1.0,The Other Factory,False,1.05,0.07846153846153847,-0.050000000000000044,-5.000000000000004,-0.2500000000000002,0.09615384615384616,0.0,0.09615384615384616,0.04807692307692308,0.04807692307692308,Low,High
Kazookles,Gulf,Same Day,Wicked Choccy's,2,9,29.25,2.25,27.0,1.0,Wicked Choccy's,False,0.85,0.07461538461538461,0.15000000000000002,15.000000000000002,0.7500000000000001,0.09144042232277526,0.7500000000000001,0.09144042232277526,0.4207202111613877,0.4207202111613877,Low,High
Kazookles,Gulf,Second Class,Lot's O' Nuts,3,8,26.0,2.0,24.0,3.0,Lot's O' Nuts,False,2.7,0.07538461538461538,0.2999999999999998,9.999999999999993,0.49999999999999967,0.09238310708898943,0.49999999999999967,0.09238310708898943,0.29619155354449456,0.29619155354449456,Low,High
Kazookles,Gulf,Second Class,Secret Factory,3,8,26.0,2.0,24.0,3.0,Secret Factory,False,2.4000000000000004,0.07384615384615385,0.5999999999999996,19.999999999999986,0.9999999999999993,0.09049773755656108,0.9999999999999993,0.09049773755656108,0.5452488687782802,0.5452488687782802,Medium,Medium
Kazookles,Gulf,Second Class,Sugar Shack,3,8,26.0,2.0,24.0,3.0,Sugar Shack,False,2.8499999999999996,0.07692307692307693,0.15000000000000036,5.000000000000012,0.2500000000000006,0.0942684766214178,0.2500000000000006,0.0942684766214178,0.1721342383107092,0.1721342383107092,Low,High
Kazookles,Gulf,Second Class,The Other Factory,3,8,26.0,2.0,24.0,3.0,The Other Factory,False,3.1500000000000004,0.07846153846153847,-0.15000000000000036,-5.000000000000012,-0.2500000000000006,0.09615384615384616,0.0,0.09615384615384616,0.04807692307692308,0.04807692307692308,Low,High
Kazookles,Gulf,Second Class,Wicked Choccy's,3,8,26.0,2.0,24.0,3.0,Wicked Choccy's,False,2.55,0.07461538461538461,0.4500000000000002,15.000000000000005,0.7500000000000002,0.09144042232277526,0.7500000000000002,0.09144042232277526,0.42072021116138775,0.42072021116138775,Low,High
Kazookles,Gulf,Standard Class,Lot's O' Nuts,9,48,156.0,12.0,144.0,5.0,Lot's O' Nuts,False,4.5,0.07538461538461538,0.5,10.0,0.5,0.09238310708898943,0.5,0.09238310708898943,0.2961915535444947,0.2961915535444947,Low,High
Kazookles,Gulf,Standard Class,Secret Factory,9,48,156.0,12.0,144.0,5.0,Secret Factory,False,4.0,0.07384615384615385,1.0,20.0,1.0,0.09049773755656108,1.0,0.09049773755656108,0.5452488687782805,0.5452488687782805,Medium,Medium
Kazookles,Gulf,Standard Class,Sugar Shack,9,48,156.0,12.0,144.0,5.0,Sugar Shack,False,4.75,0.07692307692307693,0.25,5.0,0.25,0.0942684766214178,0.25,0.0942684766214178,0.1721342383107089,0.1721342383107089,Low,High
Kazookles,Gulf,Standard Class,The Other Factory,9,48,156.0,12.0,144.0,5.0,The Other Factory,False,5.25,0.07846153846153847,-0.25,-5.0,-0.25,0.09615384615384616,0.0,0.09615384615384616,0.04807692307692308,0.04807692307692308,Low,High
Kazookles,Gulf,Standard Class,Wicked Choccy's,9,48,156.0,12.0,144.0,5.0,Wicked Choccy's,False,4.25,0.07461538461538461,0.75,15.0,0.75,0.09144042232277526,0.75,0.09144042232277526,0.42072021116138764,0.42072021116138764,Low,High
Kazookles,Interior,First Class,Lot's O' Nuts,2,7,22.75,1.75,21.0,2.0,Lot's O' Nuts,False,1.8,0.07538461538461538,0.19999999999999996,9.999999999999998,0.4999999999999999,0.09238310708898943,0.4999999999999999,0.09238310708898943,0.29619155354449467,0.29619155354449467,Low,High
Kazookles,Interior,First Class,Secret Factory,2,7,22.75,1.75,21.0,2.0,Secret Factory,False,1.6,0.07384615384615385,0.3999999999999999,19.999999999999996,0.9999999999999998,0.09049773755656108,0.9999999999999998,0.09049773755656108,0.5452488687782804,0.5452488687782804,Medium,Medium
Kazookles,Interior,First Class,Sugar Shack,2,7,22.75,1.75,21.0,2.0,Sugar Shack,False,1.9,0.07692307692307693,0.10000000000000009,5.000000000000004,0.2500000000000002,0.0942684766214178,0.2500000000000002,0.0942684766214178,0.172134238310709,0.172134238310709,Low,High
Kazookles,Interior,First Class,The Other Factory,2,7,22.75,1.75,21.0,2.0,The Other Factory,False,2.1,0.07846153846153847,-0.10000000000000009,-5.000000000000004,-0.2500000000000002,0.09615384615384616,0.0,0.09615384615384616,0.04807692307692308,0.04807692307692308,Low,High
Kazookles,Interior,First Class,Wicked Choccy's,2,7,22.75,1.75,21.0,2.0,Wicked Choccy's,False,1.7,0.07461538461538461,0.30000000000000004,15.000000000000002,0.7500000000000001,0.09144042232277526,0.7500000000000001,0.09144042232277526,0.4207202111613877,0.4207202111613877,Low,High
Kazookles,Interior,Second Class,Lot's O' Nuts,2,6,19.5,1.5,18.0,3.0,Lot's O' Nuts,False,2.7,0.07538461538461538,0.2999999999999998,9.999999999999993,0.49999999999999967,0.09238310708898943,0.49999999999999967,0.09238310708898943,0.29619155354449456,0.29619155354449456,Low,High
Kazookles,Interior,Second Class,Secret Factory,2,6,19.5,1.5,18.0,3.0,Secret Factory,False,2.4000000000000004,0.07384615384615385,0.5999999999999996,19.999999999999986,0.9999999999999993,0.09049773755656108,0.9999999999999993,0.09049773755656108,0.5452488687782802,0.5452488687782802,Medium,Medium
Kazookles,Interior,Second Class,Sugar Shack,2,6,19.5,1.5,18.0,3.0,Sugar Shack,False,2.8499999999999996,0.07692307692307693,0.15000000000000036,5.000000000000012,0.2500000000000006,0.0942684766214178,0.2500000000000006,0.0942684766214178,0.1721342383107092,0.1721342383107092,Low,High
Kazookles,Interior,Second Class,The Other Factory,2,6,19.5,1.5,18.0,3.0,The Other Factory,False,3.1500000000000004,0.07846153846153847,-0.15000000000000036,-5.000000000000012,-0.2500000000000006,0.09615384615384616,0.0,0.09615384615384616,0.04807692307692308,0.04807692307692308,Low,High
Kazookles,Interior,Second Class,Wicked Choccy's,2,6,19.5,1.5,18.0,3.0,Wicked Choccy's,False,2.55,0.07461538461538461,0.4500000000000002,15.000000000000005,0.7500000000000002,0.09144042232277526,0.7500000000000002,0.09144042232277526,0.42072021116138775,0.42072021116138775,Low,High
Kazookles,Interior,Standard Class,Lot's O' Nuts,7,26,84.5,6.5,78.0,5.0,Lot's O' Nuts,False,4.5,0.07538461538461538,0.5,10.0,0.5,0.09238310708898943,0.5,0.09238310708898943,0.2961915535444947,0.2961915535444947,Low,High
Kazookles,Interior,Standard Class,Secret Factory,7,26,84.5,6.5,78.0,5.0,Secret Factory,False,4.0,0.07384615384615385,1.0,20.0,1.0,0.09049773755656108,1.0,0.09049773755656108,0.5452488687782805,0.5452488687782805,Medium,Medium
Kazookles,Interior,Standard Class,Sugar Shack,7,26,84.5,6.5,78.0,5.0,Sugar Shack,False,4.75,0.07692307692307693,0.25,5.0,0.25,0.0942684766214178,0.25,0.0942684766214178,0.1721342383107089,0.1721342383107089,Low,High
Kazookles,Interior,Standard Class,The Other Factory,7,26,84.5,6.5,78.0,5.0,The Other Factory,False,5.25,0.07846153846153847,-0.25,-5.0,-0.25,0.09615384615384616,0.0,0.09615384615384616,0.04807692307692308,0.04807692307692308,Low,High
Kazookles,Interior,Standard Class,Wicked Choccy's,7,26,84.5,6.5,78.0,5.0,Wicked Choccy's,False,4.25,0.07461538461538461,0.75,15.0,0.75,0.09144042232277526,0.75,0.09144042232277526,0.42072021116138764,0.42072021116138764,Low,High
Kazookles,Pacific,First Class,Lot's O' Nuts,5,15,48.75,3.75,45.0,2.0,Lot's O' Nuts,False,1.8,0.07538461538461538,0.19999999999999996,9.999999999999998,0.4999999999999999,0.09238310708898943,0.4999999999999999,0.09238310708898943,0.29619155354449467,0.29619155354449467,Low,High
Kazookles,Pacific,First Class,Secret Factory,5,15,48.75,3.75,45.0,2.0,Secret Factory,False,1.6,0.07384615384615385,0.3999999999999999,19.999999999999996,0.9999999999999998,0.09049773755656108,0.9999999999999998,0.09049773755656108,0.5452488687782804,0.5452488687782804,Medium,Medium
Kazookles,Pacific,First Class,Sugar Shack,5,15,48.75,3.75,45.0,2.0,Sugar Shack,False,1.9,0.07692307692307693,0.10000000000000009,5.000000000000004,0.2500000000000002,0.0942684766214178,0.2500000000000002,0.0942684766214178,0.172134238310709,0.172134238310709,Low,High
Kazookles,Pacific,First Class,The Other Factory,5,15,48.75,3.75,45.0,2.0,The Other Factory,False,2.1,0.07846153846153847,-0.10000000000000009,-5.000000000000004,-0.2500000000000002,0.09615384615384616,0.0,0.09615384615384616,0.04807692307692308,0.04807692307692308,Low,High
Kazookles,Pacific,First Class,Wicked Choccy's,5,15,48.75,3.75,45.0,2.0,Wicked Choccy's,False,1.7,0.07461538461538461,0.30000000000000004,15.000000000000002,0.7500000000000001,0.09144042232277526,0.7500000000000001,0.09144042232277526,0.4207202111613877,0.4207202111613877,Low,High
Kazookles,Pacific,Same Day,Lot's O' Nuts,2,7,22.75,1.75,21.0,1.0,Lot's O' Nuts,False,0.9,0.07538461538461538,0.09999999999999998,9.999999999999998,0.4999999999999999,0.09238310708898943,0.4999999999999999,0.09238310708898943,0.29619155354449467,0.29619155354449467,Low,High
Kazookles,Pacific,Same Day,Secret Factory,2,7,22.75,1.75,21.0,1.0,Secret Factory,False,0.8,0.07384615384615385,0.19999999999999996,19.999999999999996,0.9999999999999998,0.09049773755656108,0.9999999999999998,0.09049773755656108,0.5452488687782804,0.5452488687782804,Medium,Medium
Kazookles,Pacific,Same Day,Sugar Shack,2,7,22.75,1.75,21.0,1.0,Sugar Shack,False,0.95,0.07692307692307693,0.050000000000000044,5.000000000000004,0.2500000000000002,0.0942684766214178,0.2500000000000002,0.0942684766214178,0.172134238310709,0.172134238310709,Low,High
Kazookles,Pacific,Same Day,The Other Factory,2,7,22.75,1.75,21.0,1.0,The Other Factory,False,1.05,0.07846153846153847,-0.050000000000000044,-5.000000000000004,-0.2500000000000002,0.09615384615384616,0.0,0.09615384615384616,0.04807692307692308,0.04807692307692308,Low,High
Kazookles,Pacific,Same Day,Wicked Choccy's,2,7,22.75,1.75,21.0,1.0,Wicked Choccy's,False,0.85,0.07461538461538461,0.15000000000000002,15.000000000000002,0.7500000000000001,0.09144042232277526,0.7500000000000001,0.09144042232277526,0.4207202111613877,0.4207202111613877,Low,High
Kazookles,Pacific,Second Class,Lot's O' Nuts,8,30,97.5,7.5,90.0,3.0,Lot's O' Nuts,False,2.7,0.07538461538461538,0.2999999999999998,9.999999999999993,0.49999999999999967,0.09238310708898943,0.49999999999999967,0.09238310708898943,0.29619155354449456,0.29619155354449456,Low,High
Kazookles,Pacific,Second Class,Secret Factory,8,30,97.5,7.5,90.0,3.0,Secret Factory,False,2.4000000000000004,0.07384615384615385,0.5999999999999996,19.999999999999986,0.9999999999999993,0.09049773755656108,0.9999999999999993,0.09049773755656108,0.5452488687782802,0.5452488687782802,Medium,Medium
Kazookles,Pacific,Second Class,Sugar Shack,8,30,97.5,7.5,90.0,3.0,Sugar Shack,False,2.8499999999999996,0.07692307692307693,0.15000000000000036,5.000000000000012,0.2500000000000006,0.0942684766214178,0.2500000000000006,0.0942684766214178,0.1721342383107092,0.1721342383107092,Low,High
Kazookles,Pacific,Second Class,The Other Factory,8,30,97.5,7.5,90.0,3.0,The Other Factory,False,3.1500000000000004,0.07846153846153847,-0.15000000000000036,-5.000000000000012,-0.2500000000000006,0.09615384615384616,0.0,0.09615384615384616,0.04807692307692308,0.04807692307692308,Low,High
Kazookles,Pacific,Second Class,Wicked Choccy's,8,30,97.5,7.5,90.0,3.0,Wicked Choccy's,False,2.55,0.07461538461538461,0.4500000000000002,15.000000000000005,0.7500000000000002,0.09144042232277526,0.7500000000000002,0.09144042232277526,0.42072021116138775,0.42072021116138775,Low,High
Kazookles,Pacific,Standard Class,Lot's O' Nuts,14,53,172.25,13.25,159.0,5.0,Lot's O' Nuts,False,4.5,0.07538461538461538,0.5,10.0,0.5,0.09238310708898943,0.5,0.09238310708898943,0.2961915535444947,0.2961915535444947,Low,High
Kazookles,Pacific,Standard Class,Secret Factory,14,53,172.25,13.25,159.0,5.0,Secret Factory,False,4.0,0.07384615384615385,1.0,20.0,1.0,0.09049773755656108,1.0,0.09049773755656108,0.5452488687782805,0.5452488687782805,Medium,Medium
Kazookles,Pacific,Standard Class,Sugar Shack,14,53,172.25,13.25,159.0,5.0,Sugar Shack,False,4.75,0.07692307692307693,0.25,5.0,0.25,0.0942684766214178,0.25,0.0942684766214178,0.1721342383107089,0.1721342383107089,Low,High
Kazookles,Pacific,Standard Class,The Other Factory,14,53,172.25,13.25,159.0,5.0,The Other Factory,False,5.25,0.07846153846153847,-0.25,-5.0,-0.25,0.09615384615384616,0.0,0.09615384615384616,0.04807692307692308,0.04807692307692308,Low,High
Kazookles,Pacific,Standard Class,Wicked Choccy's,14,53,172.25,13.25,159.0,5.0,Wicked Choccy's,False,4.25,0.07461538461538461,0.75,15.0,0.75,0.09144042232277526,0.75,0.09144042232277526,0.42072021116138764,0.42072021116138764,Low,High
Laffy Taffy,Atlantic,First Class,Lot's O' Nuts,1,1,1.99,1.24,0.75,2.0,Lot's O' Nuts,False,1.8,0.6106532663316583,0.19999999999999996,9.999999999999998,0.4999999999999999,0.7483495910927185,0.4999999999999999,0.7483495910927185,0.6241747955463592,0.6241747955463592,Medium,Medium
Laffy Taffy,Atlantic,First Class,Secret Factory,1,1,1.99,1.24,0.75,2.0,Secret Factory,False,1.6,0.5981909547738694,0.3999999999999999,19.999999999999996,0.9999999999999998,0.7330771504581732,0.9999999999999998,0.7330771504581732,0.8665385752290865,0.8665385752290865,High,Low
Laffy Taffy,Atlantic,First Class,Sugar Shack,1,1,1.99,1.24,0.75,2.0,Sugar Shack,False,1.9,0.6231155778894473,0.10000000000000009,5.000000000000004,0.2500000000000002,0.7636220317272637,0.2500000000000002,0.7636220317272637,0.506811015863632,0.506811015863632,Medium,Medium
Laffy Taffy,Atlantic,First Class,The Other Factory,1,1,1.99,1.24,0.75,2.0,The Other Factory,False,2.1,0.6355778894472363,-0.10000000000000009,-5.000000000000004,-0.2500000000000002,0.7788944723618091,0.0,0.7788944723618091,0.38944723618090454,0.38944723618090454,Low,High
Laffy Taffy,Atlantic,First Class,Wicked Choccy's,1,1,1.99,1.24,0.75,2.0,Wicked Choccy's,False,1.7,0.6044221105527638,0.30000000000000004,15.000000000000002,0.7500000000000001,0.7407133707754459,0.7500000000000001,0.7407133707754459,0.7453566853877229,0.7453566853877229,Medium,Medium
Laffy Taffy,Atlantic,Same Day,Lot's O' Nuts,1,4,7.96,4.96,3.0,1.0,Lot's O' Nuts,False,0.9,0.6106532663316583,0.09999999999999998,9.999999999999998,0.4999999999999999,0.7483495910927185,0.4999999999999999,0.7483495910927185,0.6241747955463592,0.6241747955463592,Medium,Medium
Laffy Taffy,Atlantic,Same Day,Secret Factory,1,4,7.96,4.96,3.0,1.0,Secret Factory,False,0.8,0.5981909547738694,0.19999999999999996,19.999999999999996,0.9999999999999998,0.7330771504581732,0.9999999999999998,0.7330771504581732,0.8665385752290865,0.8665385752290865,High,Low
Laffy Taffy,Atlantic,Same Day,Sugar Shack,1,4,7.96,4.96,3.0,1.0,Sugar Shack,False,0.95,0.6231155778894473,0.050000000000000044,5.000000000000004,0.2500000000000002,0.7636220317272637,0.2500000000000002,0.7636220317272637,0.506811015863632,0.506811015863632,Medium,Medium
Laffy Taffy,Atlantic,Same Day,The Other Factory,1,4,7.96,4.96,3.0,1.0,The Other Factory,False,1.05,0.6355778894472363,-0.050000000000000044,-5.000000000000004,-0.2500000000000002,0.7788944723618091,0.0,0.7788944723618091,0.38944723618090454,0.38944723618090454,Low,High
Laffy Taffy,Atlantic,Same Day,Wicked Choccy's,1,4,7.96,4.96,3.0,1.0,Wicked Choccy's,False,0.85,0.6044221105527638,0.15000000000000002,15.000000000000002,0.7500000000000001,0.7407133707754459,0.7500000000000001,0.7407133707754459,0.7453566853877229,0.7453566853877229,Medium,Medium
Laffy Taffy,Atlantic,Standard Class,Lot's O' Nuts,4,9,17.91,11.16,6.75,5.0,Lot's O' Nuts,False,4.5,0.6106532663316583,0.5,10.0,0.5,0.7483495910927185,0.5,0.7483495910927185,0.6241747955463592,0.6241747955463592,Medium,Medium
Laffy Taffy,Atlantic,Standard Class,Secret Factory,4,9,17.91,11.16,6.75,5.0,Secret Factory,False,4.0,0.5981909547738694,1.0,20.0,1.0,0.7330771504581732,1.0,0.7330771504581732,0.8665385752290866,0.8665385752290866,High,Low
Laffy Taffy,Atlantic,Standard Class,Sugar Shack,4,9,17.91,11.16,6.75,5.0,Sugar Shack,False,4.75,0.6231155778894473,0.25,5.0,0.25,0.7636220317272637,0.25,0.7636220317272637,0.5068110158636319,0.5068110158636319,Medium,Medium
Laffy Taffy,Atlantic,Standard Class,The Other Factory,4,9,17.91,11.16,6.75,5.0,The Other Factory,False,5.25,0.6355778894472363,-0.25,-5.0,-0.25,0.7788944723618091,0.0,0.7788944723618091,0.38944723618090454,0.38944723618090454,Low,High
Laffy Taffy,Atlantic,Standard Class,Wicked Choccy's,4,9,17.91,11.16,6.75,5.0,Wicked Choccy's,False,4.25,0.6044221105527638,0.75,15.0,0.75,0.7407133707754459,0.75,0.7407133707754459,0.7453566853877229,0.7453566853877229,Medium,Medium
Laffy Taffy,Gulf,Standard Class,Lot's O' Nuts,2,11,21.89,13.64,8.25,5.0,Lot's O' Nuts,False,4.5,0.6106532663316583,0.5,10.0,0.5,0.7483495910927185,0.5,0.7483495910927185,0.6241747955463592,0.6241747955463592,Medium,Medium
Laffy Taffy,Gulf,Standard Class,Secret Factory,2,11,21.89,13.64,8.25,5.0,Secret Factory,False,4.0,0.5981909547738694,1.0,20.0,1.0,0.7330771504581732,1.0,0.7330771504581732,0.8665385752290866,0.8665385752290866,High,Low
Laffy Taffy,Gulf,Standard Class,Sugar Shack,2,11,21.89,13.64,8.25,5.0,Sugar Shack,False,4.75,0.6231155778894473,0.25,5.0,0.25,0.7636220317272637,0.25,0.7636220317272637,0.5068110158636319,0.5068110158636319,Medium,Medium
Laffy Taffy,Gulf,Standard Class,The Other Factory,2,11,21.89,13.64,8.25,5.0,The Other Factory,False,5.25,0.6355778894472363,-0.25,-5.0,-0.25,0.7788944723618091,0.0,0.7788944723618091,0.38944723618090454,0.38944723618090454,Low,High
Laffy Taffy,Gulf,Standard Class,Wicked Choccy's,2,11,21.89,13.64,8.25,5.0,Wicked Choccy's,False,4.25,0.6044221105527638,0.75,15.0,0.75,0.7407133707754459,0.75,0.7407133707754459,0.7453566853877229,0.7453566853877229,Medium,Medium
Laffy Taffy,Interior,First Class,Lot's O' Nuts,1,1,1.99,1.24,0.75,2.0,Lot's O' Nuts,False,1.8,0.6106532663316583,0.19999999999999996,9.999999999999998,0.4999999999999999,0.7483495910927185,0.4999999999999999,0.7483495910927185,0.6241747955463592,0.6241747955463592,Medium,Medium
Laffy Taffy,Interior,First Class,Secret Factory,1,1,1.99,1.24,0.75,2.0,Secret Factory,False,1.6,0.5981909547738694,0.3999999999999999,19.999999999999996,0.9999999999999998,0.7330771504581732,0.9999999999999998,0.7330771504581732,0.8665385752290865,0.8665385752290865,High,Low
Laffy Taffy,Interior,First Class,Sugar Shack,1,1,1.99,1.24,0.75,2.0,Sugar Shack,False,1.9,0.6231155778894473,0.10000000000000009,5.000000000000004,0.2500000000000002,0.7636220317272637,0.2500000000000002,0.7636220317272637,0.506811015863632,0.506811015863632,Medium,Medium
Laffy Taffy,Interior,First Class,The Other Factory,1,1,1.99,1.24,0.75,2.0,The Other Factory,False,2.1,0.6355778894472363,-0.10000000000000009,-5.000000000000004,-0.2500000000000002,0.7788944723618091,0.0,0.7788944723618091,0.38944723618090454,0.38944723618090454,Low,High
Laffy Taffy,Interior,First Class,Wicked Choccy's,1,1,1.99,1.24,0.75,2.0,Wicked Choccy's,False,1.7,0.6044221105527638,0.30000000000000004,15.000000000000002,0.7500000000000001,0.7407133707754459,0.7500000000000001,0.7407133707754459,0.7453566853877229,0.7453566853877229,Medium,Medium
Laffy Taffy,Pacific,Standard Class,Lot's O' Nuts,1,1,1.99,1.24,0.75,5.0,Lot's O' Nuts,False,4.5,0.6106532663316583,0.5,10.0,0.5,0.7483495910927185,0.5,0.7483495910927185,0.6241747955463592,0.6241747955463592,Medium,Medium
Laffy Taffy,Pacific,Standard Class,Secret Factory,1,1,1.99,1.24,0.75,5.0,Secret Factory,False,4.0,0.5981909547738694,1.0,20.0,1.0,0.7330771504581732,1.0,0.7330771504581732,0.8665385752290866,0.8665385752290866,High,Low
Laffy Taffy,Pacific,Standard Class,Sugar Shack,1,1,1.99,1.24,0.75,5.0,Sugar Shack,False,4.75,0.6231155778894473,0.25,5.0,0.25,0.7636220317272637,0.25,0.7636220317272637,0.5068110158636319,0.5068110158636319,Medium,Medium
Laffy Taffy,Pacific,Standard Class,The Other Factory,1,1,1.99,1.24,0.75,5.0,The Other Factory,False,5.25,0.6355778894472363,-0.25,-5.0,-0.25,0.7788944723618091,0.0,0.7788944723618091,0.38944723618090454,0.38944723618090454,Low,High
Laffy Taffy,Pacific,Standard Class,Wicked Choccy's,1,1,1.99,1.24,0.75,5.0,Wicked Choccy's,False,4.25,0.6044221105527638,0.75,15.0,0.75,0.7407133707754459,0.75,0.7407133707754459,0.7453566853877229,0.7453566853877229,Medium,Medium
Lickable Wallpaper,Atlantic,First Class,Lot's O' Nuts,9,35,700.0,350.0,350.0,2.0,Lot's O' Nuts,False,1.8,0.49,0.19999999999999996,9.999999999999998,0.4999999999999999,0.6004901960784313,0.4999999999999999,0.6004901960784313,0.5502450980392156,0.5502450980392156,Medium,Medium
Lickable Wallpaper,Atlantic,First Class,Secret Factory,9,35,700.0,350.0,350.0,2.0,Secret Factory,False,1.6,0.48,0.3999999999999999,19.999999999999996,0.9999999999999998,0.588235294117647,0.9999999999999998,0.588235294117647,0.7941176470588234,0.7941176470588234,High,Low
Lickable Wallpaper,Atlantic,First Class,Sugar Shack,9,35,700.0,350.0,350.0,2.0,Sugar Shack,False,1.9,0.5,0.10000000000000009,5.000000000000004,0.2500000000000002,0.6127450980392156,0.2500000000000002,0.6127450980392156,0.4313725490196079,0.4313725490196079,Low,High
Lickable Wallpaper,Atlantic,First Class,The Other Factory,9,35,700.0,350.0,350.0,2.0,The Other Factory,False,2.1,0.51,-0.10000000000000009,-5.000000000000004,-0.2500000000000002,0.625,0.0,0.625,0.3125,0.3125,Low,High
Lickable Wallpaper,Atlantic,First Class,Wicked Choccy's,9,35,700.0,350.0,350.0,2.0,Wicked Choccy's,False,1.7,0.485,0.30000000000000004,15.000000000000002,0.7500000000000001,0.5943627450980391,0.7500000000000001,0.5943627450980391,0.6721813725490196,0.6721813725490196,Medium,Medium
Lickable Wallpaper,Atlantic,Same Day,Lot's O' Nuts,2,7,140.0,70.0,70.0,1.0,Lot's O' Nuts,False,0.9,0.49,0.09999999999999998,9.999999999999998,0.4999999999999999,0.6004901960784313,0.4999999999999999,0.6004901960784313,0.5502450980392156,0.5502450980392156,Medium,Medium
Lickable Wallpaper,Atlantic,Same Day,Secret Factory,2,7,140.0,70.0,70.0,1.0,Secret Factory,False,0.8,0.48,0.19999999999999996,19.999999999999996,0.9999999999999998,0.588235294117647,0.9999999999999998,0.588235294117647,0.7941176470588234,0.7941176470588234,High,Low
Lickable Wallpaper,Atlantic,Same Day,Sugar Shack,2,7,140.0,70.0,70.0,1.0,Sugar Shack,False,0.95,0.5,0.050000000000000044,5.000000000000004,0.2500000000000002,0.6127450980392156,0.2500000000000002,0.6127450980392156,0.4313725490196079,0.4313725490196079,Low,High
Lickable Wallpaper,Atlantic,Same Day,The Other Factory,2,7,140.0,70.0,70.0,1.0,The Other Factory,False,1.05,0.51,-0.050000000000000044,-5.000000000000004,-0.2500000000000002,0.625,0.0,0.625,0.3125,0.3125,Low,High
Lickable Wallpaper,Atlantic,Same Day,Wicked Choccy's,2,7,140.0,70.0,70.0,1.0,Wicked Choccy's,False,0.85,0.485,0.15000000000000002,15.000000000000002,0.7500000000000001,0.5943627450980391,0.7500000000000001,0.5943627450980391,0.6721813725490196,0.6721813725490196,Medium,Medium
Lickable Wallpaper,Atlantic,Second Class,Lot's O' Nuts,5,21,420.0,210.0,210.0,3.0,Lot's O' Nuts,False,2.7,0.49,0.2999999999999998,9.999999999999993,0.49999999999999967,0.6004901960784313,0.49999999999999967,0.6004901960784313,0.5502450980392155,0.5502450980392155,Medium,Medium
Lickable Wallpaper,Atlantic,Second Class,Secret Factory,5,21,420.0,210.0,210.0,3.0,Secret Factory,False,2.4000000000000004,0.48,0.5999999999999996,19.999999999999986,0.9999999999999993,0.588235294117647,0.9999999999999993,0.588235294117647,0.7941176470588232,0.7941176470588232,High,Low
Lickable Wallpaper,Atlantic,Second Class,Sugar Shack,5,21,420.0,210.0,210.0,3.0,Sugar Shack,False,2.8499999999999996,0.5,0.15000000000000036,5.000000000000012,0.2500000000000006,0.6127450980392156,0.2500000000000006,0.6127450980392156,0.4313725490196081,0.4313725490196081,Low,High
Lickable Wallpaper,Atlantic,Second Class,The Other Factory,5,21,420.0,210.0,210.0,3.0,The Other Factory,False,3.1500000000000004,0.51,-0.15000000000000036,-5.000000000000012,-0.2500000000000006,0.625,0.0,0.625,0.3125,0.3125,Low,High
Lickable Wallpaper,Atlantic,Second Class,Wicked Choccy's,5,21,420.0,210.0,210.0,3.0,Wicked Choccy's,False,2.55,0.485,0.4500000000000002,15.000000000000005,0.7500000000000002,0.5943627450980391,0.7500000000000002,0.5943627450980391,0.6721813725490197,0.6721813725490197,Medium,Medium
Lickable Wallpaper,Atlantic,Standard Class,Lot's O' Nuts,18,76,1520.0,760.0,760.0,5.0,Lot's O' Nuts,False,4.5,0.49,0.5,10.0,0.5,0.6004901960784313,0.5,0.6004901960784313,0.5502450980392157,0.5502450980392157,Medium,Medium
Lickable Wallpaper,Atlantic,Standard Class,Secret Factory,18,76,1520.0,760.0,760.0,5.0,Secret Factory,False,4.0,0.48,1.0,20.0,1.0,0.588235294117647,1.0,0.588235294117647,0.7941176470588235,0.7941176470588235,High,Low
Lickable Wallpaper,Atlantic,Standard Class,Sugar Shack,18,76,1520.0,760.0,760.0,5.0,Sugar Shack,False,4.75,0.5,0.25,5.0,0.25,0.6127450980392156,0.25,0.6127450980392156,0.4313725490196078,0.4313725490196078,Low,High
Lickable Wallpaper,Atlantic,Standard Class,The Other Factory,18,76,1520.0,760.0,760.0,5.0,The Other Factory,False,5.25,0.51,-0.25,-5.0,-0.25,0.625,0.0,0.625,0.3125,0.3125,Low,High
Lickable Wallpaper,Atlantic,Standard Class,Wicked Choccy's,18,76,1520.0,760.0,760.0,5.0,Wicked Choccy's,False,4.25,0.485,0.75,15.0,0.75,0.5943627450980391,0.75,0.5943627450980391,0.6721813725490196,0.6721813725490196,Medium,Medium
Lickable Wallpaper,Gulf,First Class,Lot's O' Nuts,1,4,80.0,40.0,40.0,2.0,Lot's O' Nuts,False,1.8,0.49,0.19999999999999996,9.999999999999998,0.4999999999999999,0.6004901960784313,0.4999999999999999,0.6004901960784313,0.5502450980392156,0.5502450980392156,Medium,Medium
Lickable Wallpaper,Gulf,First Class,Secret Factory,1,4,80.0,40.0,40.0,2.0,Secret Factory,False,1.6,0.48,0.3999999999999999,19.999999999999996,0.9999999999999998,0.588235294117647,0.9999999999999998,0.588235294117647,0.7941176470588234,0.7941176470588234,High,Low
Lickable Wallpaper,Gulf,First Class,Sugar Shack,1,4,80.0,40.0,40.0,2.0,Sugar Shack,False,1.9,0.5,0.10000000000000009,5.000000000000004,0.2500000000000002,0.6127450980392156,0.2500000000000002,0.6127450980392156,0.4313725490196079,0.4313725490196079,Low,High
Lickable Wallpaper,Gulf,First Class,The Other Factory,1,4,80.0,40.0,40.0,2.0,The Other Factory,False,2.1,0.51,-0.10000000000000009,-5.000000000000004,-0.2500000000000002,0.625,0.0,0.625,0.3125,0.3125,Low,High
Lickable Wallpaper,Gulf,First Class,Wicked Choccy's,1,4,80.0,40.0,40.0,2.0,Wicked Choccy's,False,1.7,0.485,0.30000000000000004,15.000000000000002,0.7500000000000001,0.5943627450980391,0.7500000000000001,0.5943627450980391,0.6721813725490196,0.6721813725490196,Medium,Medium
Lickable Wallpaper,Gulf,Second Class,Lot's O' Nuts,3,9,180.0,90.0,90.0,3.0,Lot's O' Nuts,False,2.7,0.49,0.2999999999999998,9.999999999999993,0.49999999999999967,0.6004901960784313,0.49999999999999967,0.6004901960784313,0.5502450980392155,0.5502450980392155,Medium,Medium
Lickable Wallpaper,Gulf,Second Class,Secret Factory,3,9,180.0,90.0,90.0,3.0,Secret Factory,False,2.4000000000000004,0.48,0.5999999999999996,19.999999999999986,0.9999999999999993,0.588235294117647,0.9999999999999993,0.588235294117647,0.7941176470588232,0.7941176470588232,High,Low
Lickable Wallpaper,Gulf,Second Class,Sugar Shack,3,9,180.0,90.0,90.0,3.0,Sugar Shack,False,2.8499999999999996,0.5,0.15000000000000036,5.000000000000012,0.2500000000000006,0.6127450980392156,0.2500000000000006,0.6127450980392156,0.4313725490196081,0.4313725490196081,Low,High
Lickable Wallpaper,Gulf,Second Class,The Other Factory,3,9,180.0,90.0,90.0,3.0,The Other Factory,False,3.1500000000000004,0.51,-0.15000000000000036,-5.000000000000012,-0.2500000000000006,0.625,0.0,0.625,0.3125,0.3125,Low,High
Lickable Wallpaper,Gulf,Second Class,Wicked Choccy's,3,9,180.0,90.0,90.0,3.0,Wicked Choccy's,False,2.55,0.485,0.4500000000000002,15.000000000000005,0.7500000000000002,0.5943627450980391,0.7500000000000002,0.5943627450980391,0.6721813725490197,0.6721813725490197,Medium,Medium
Lickable Wallpaper,Gulf,Standard Class,Lot's O' Nuts,5,24,480.0,240.0,240.0,5.0,Lot's O' Nuts,False,4.5,0.49,0.5,10.0,0.5,0.6004901960784313,0.5,0.6004901960784313,0.5502450980392157,0.5502450980392157,Medium,Medium
Lickable Wallpaper,Gulf,Standard Class,Secret Factory,5,24,480.0,240.0,240.0,5.0,Secret Factory,False,4.0,0.48,1.0,20.0,1.0,0.588235294117647,1.0,0.588235294117647,0.7941176470588235,0.7941176470588235,High,Low
Lickable Wallpaper,Gulf,Standard Class,Sugar Shack,5,24,480.0,240.0,240.0,5.0,Sugar Shack,False,4.75,0.5,0.25,5.0,0.25,0.6127450980392156,0.25,0.6127450980392156,0.4313725490196078,0.4313725490196078,Low,High
Lickable Wallpaper,Gulf,Standard Class,The Other Factory,5,24,480.0,240.0,240.0,5.0,The Other Factory,False,5.25,0.51,-0.25,-5.0,-0.25,0.625,0.0,0.625,0.3125,0.3125,Low,High
Lickable Wallpaper,Gulf,Standard Class,Wicked Choccy's,5,24,480.0,240.0,240.0,5.0,Wicked Choccy's,False,4.25,0.485,0.75,15.0,0.75,0.5943627450980391,0.75,0.5943627450980391,0.6721813725490196,0.6721813725490196,Medium,Medium
Lickable Wallpaper,Interior,First Class,Lot's O' Nuts,1,9,180.0,90.0,90.0,2.0,Lot's O' Nuts,False,1.8,0.49,0.19999999999999996,9.999999999999998,0.4999999999999999,0.6004901960784313,0.4999999999999999,0.6004901960784313,0.5502450980392156,0.5502450980392156,Medium,Medium
Lickable Wallpaper,Interior,First Class,Secret Factory,1,9,180.0,90.0,90.0,2.0,Secret Factory,False,1.6,0.48,0.3999999999999999,19.999999999999996,0.9999999999999998,0.588235294117647,0.9999999999999998,0.588235294117647,0.7941176470588234,0.7941176470588234,High,Low
Lickable Wallpaper,Interior,First Class,Sugar Shack,1,9,180.0,90.0,90.0,2.0,Sugar Shack,False,1.9,0.5,0.10000000000000009,5.000000000000004,0.2500000000000002,0.6127450980392156,0.2500000000000002,0.6127450980392156,0.4313725490196079,0.4313725490196079,Low,High
Lickable Wallpaper,Interior,First Class,The Other Factory,1,9,180.0,90.0,90.0,2.0,The Other Factory,False,2.1,0.51,-0.10000000000000009,-5.000000000000004,-0.2500000000000002,0.625,0.0,0.625,0.3125,0.3125,Low,High
Lickable Wallpaper,Interior,First Class,Wicked Choccy's,1,9,180.0,90.0,90.0,2.0,Wicked Choccy's,False,1.7,0.485,0.30000000000000004,15.000000000000002,0.7500000000000001,0.5943627450980391,0.7500000000000001,0.5943627450980391,0.6721813725490196,0.6721813725490196,Medium,Medium
Lickable Wallpaper,Interior,Same Day,Lot's O' Nuts,1,4,80.0,40.0,40.0,1.0,Lot's O' Nuts,False,0.9,0.49,0.09999999999999998,9.999999999999998,0.4999999999999999,0.6004901960784313,0.4999999999999999,0.6004901960784313,0.5502450980392156,0.5502450980392156,Medium,Medium
Lickable Wallpaper,Interior,Same Day,Secret Factory,1,4,80.0,40.0,40.0,1.0,Secret Factory,False,0.8,0.48,0.19999999999999996,19.999999999999996,0.9999999999999998,0.588235294117647,0.9999999999999998,0.588235294117647,0.7941176470588234,0.7941176470588234,High,Low
Lickable Wallpaper,Interior,Same Day,Sugar Shack,1,4,80.0,40.0,40.0,1.0,Sugar Shack,False,0.95,0.5,0.050000000000000044,5.000000000000004,0.2500000000000002,0.6127450980392156,0.2500000000000002,0.6127450980392156,0.4313725490196079,0.4313725490196079,Low,High
Lickable Wallpaper,Interior,Same Day,The Other Factory,1,4,80.0,40.0,40.0,1.0,The Other Factory,False,1.05,0.51,-0.050000000000000044,-5.000000000000004,-0.2500000000000002,0.625,0.0,0.625,0.3125,0.3125,Low,High
Lickable Wallpaper,Interior,Same Day,Wicked Choccy's,1,4,80.0,40.0,40.0,1.0,Wicked Choccy's,False,0.85,0.485,0.15000000000000002,15.000000000000002,0.7500000000000001,0.5943627450980391,0.7500000000000001,0.5943627450980391,0.6721813725490196,0.6721813725490196,Medium,Medium
Lickable Wallpaper,Interior,Second Class,Lot's O' Nuts,5,28,560.0,280.0,280.0,3.0,Lot's O' Nuts,False,2.7,0.49,0.2999999999999998,9.999999999999993,0.49999999999999967,0.6004901960784313,0.49999999999999967,0.6004901960784313,0.5502450980392155,0.5502450980392155,Medium,Medium
Lickable Wallpaper,Interior,Second Class,Secret Factory,5,28,560.0,280.0,280.0,3.0,Secret Factory,False,2.4000000000000004,0.48,0.5999999999999996,19.999999999999986,0.9999999999999993,0.588235294117647,0.9999999999999993,0.588235294117647,0.7941176470588232,0.7941176470588232,High,Low
Lickable Wallpaper,Interior,Second Class,Sugar Shack,5,28,560.0,280.0,280.0,3.0,Sugar Shack,False,2.8499999999999996,0.5,0.15000000000000036,5.000000000000012,0.2500000000000006,0.6127450980392156,0.2500000000000006,0.6127450980392156,0.4313725490196081,0.4313725490196081,Low,High
Lickable Wallpaper,Interior,Second Class,The Other Factory,5,28,560.0,280.0,280.0,3.0,The Other Factory,False,3.1500000000000004,0.51,-0.15000000000000036,-5.000000000000012,-0.2500000000000006,0.625,0.0,0.625,0.3125,0.3125,Low,High
Lickable Wallpaper,Interior,Second Class,Wicked Choccy's,5,28,560.0,280.0,280.0,3.0,Wicked Choccy's,False,2.55,0.485,0.4500000000000002,15.000000000000005,0.7500000000000002,0.5943627450980391,0.7500000000000002,0.5943627450980391,0.6721813725490197,0.6721813725490197,Medium,Medium
Lickable Wallpaper,Interior,Standard Class,Lot's O' Nuts,8,30,600.0,300.0,300.0,5.0,Lot's O' Nuts,False,4.5,0.49,0.5,10.0,0.5,0.6004901960784313,0.5,0.6004901960784313,0.5502450980392157,0.5502450980392157,Medium,Medium
Lickable Wallpaper,Interior,Standard Class,Secret Factory,8,30,600.0,300.0,300.0,5.0,Secret Factory,False,4.0,0.48,1.0,20.0,1.0,0.588235294117647,1.0,0.588235294117647,0.7941176470588235,0.7941176470588235,High,Low
Lickable Wallpaper,Interior,Standard Class,Sugar Shack,8,30,600.0,300.0,300.0,5.0,Sugar Shack,False,4.75,0.5,0.25,5.0,0.25,0.6127450980392156,0.25,0.6127450980392156,0.4313725490196078,0.4313725490196078,Low,High
Lickable Wallpaper,Interior,Standard Class,The Other Factory,8,30,600.0,300.0,300.0,5.0,The Other Factory,False,5.25,0.51,-0.25,-5.0,-0.25,0.625,0.0,0.625,0.3125,0.3125,Low,High
Lickable Wallpaper,Interior,Standard Class,Wicked Choccy's,8,30,600.0,300.0,300.0,5.0,Wicked Choccy's,False,4.25,0.485,0.75,15.0,0.75,0.5943627450980391,0.75,0.5943627450980391,0.6721813725490196,0.6721813725490196,Medium,Medium
Lickable Wallpaper,Pacific,First Class,Lot's O' Nuts,8,31,620.0,310.0,310.0,2.0,Lot's O' Nuts,False,1.8,0.49,0.19999999999999996,9.999999999999998,0.4999999999999999,0.6004901960784313,0.4999999999999999,0.6004901960784313,0.5502450980392156,0.5502450980392156,Medium,Medium
Lickable Wallpaper,Pacific,First Class,Secret Factory,8,31,620.0,310.0,310.0,2.0,Secret Factory,False,1.6,0.48,0.3999999999999999,19.999999999999996,0.9999999999999998,0.588235294117647,0.9999999999999998,0.588235294117647,0.7941176470588234,0.7941176470588234,High,Low
Lickable Wallpaper,Pacific,First Class,Sugar Shack,8,31,620.0,310.0,310.0,2.0,Sugar Shack,False,1.9,0.5,0.10000000000000009,5.000000000000004,0.2500000000000002,0.6127450980392156,0.2500000000000002,0.6127450980392156,0.4313725490196079,0.4313725490196079,Low,High
Lickable Wallpaper,Pacific,First Class,The Other Factory,8,31,620.0,310.0,310.0,2.0,The Other Factory,False,2.1,0.51,-0.10000000000000009,-5.000000000000004,-0.2500000000000002,0.625,0.0,0.625,0.3125,0.3125,Low,High
Lickable Wallpaper,Pacific,First Class,Wicked Choccy's,8,31,620.0,310.0,310.0,2.0,Wicked Choccy's,False,1.7,0.485,0.30000000000000004,15.000000000000002,0.7500000000000001,0.5943627450980391,0.7500000000000001,0.5943627450980391,0.6721813725490196,0.6721813725490196,Medium,Medium
Lickable Wallpaper,Pacific,Same Day,Lot's O' Nuts,1,2,40.0,20.0,20.0,1.0,Lot's O' Nuts,False,0.9,0.49,0.09999999999999998,9.999999999999998,0.4999999999999999,0.6004901960784313,0.4999999999999999,0.6004901960784313,0.5502450980392156,0.5502450980392156,Medium,Medium
Lickable Wallpaper,Pacific,Same Day,Secret Factory,1,2,40.0,20.0,20.0,1.0,Secret Factory,False,0.8,0.48,0.19999999999999996,19.999999999999996,0.9999999999999998,0.588235294117647,0.9999999999999998,0.588235294117647,0.7941176470588234,0.7941176470588234,High,Low
Lickable Wallpaper,Pacific,Same Day,Sugar Shack,1,2,40.0,20.0,20.0,1.0,Sugar Shack,False,0.95,0.5,0.050000000000000044,5.000000000000004,0.2500000000000002,0.6127450980392156,0.2500000000000002,0.6127450980392156,0.4313725490196079,0.4313725490196079,Low,High
Lickable Wallpaper,Pacific,Same Day,The Other Factory,1,2,40.0,20.0,20.0,1.0,The Other Factory,False,1.05,0.51,-0.050000000000000044,-5.000000000000004,-0.2500000000000002,0.625,0.0,0.625,0.3125,0.3125,Low,High
Lickable Wallpaper,Pacific,Same Day,Wicked Choccy's,1,2,40.0,20.0,20.0,1.0,Wicked Choccy's,False,0.85,0.485,0.15000000000000002,15.000000000000002,0.7500000000000001,0.5943627450980391,0.7500000000000001,0.5943627450980391,0.6721813725490196,0.6721813725490196,Medium,Medium
Lickable Wallpaper,Pacific,Second Class,Lot's O' Nuts,6,30,600.0,300.0,300.0,3.0,Lot's O' Nuts,False,2.7,0.49,0.2999999999999998,9.999999999999993,0.49999999999999967,0.6004901960784313,0.49999999999999967,0.6004901960784313,0.5502450980392155,0.5502450980392155,Medium,Medium
Lickable Wallpaper,Pacific,Second Class,Secret Factory,6,30,600.0,300.0,300.0,3.0,Secret Factory,False,2.4000000000000004,0.48,0.5999999999999996,19.999999999999986,0.9999999999999993,0.588235294117647,0.9999999999999993,0.588235294117647,0.7941176470588232,0.7941176470588232,High,Low
Lickable Wallpaper,Pacific,Second Class,Sugar Shack,6,30,600.0,300.0,300.0,3.0,Sugar Shack,False,2.8499999999999996,0.5,0.15000000000000036,5.000000000000012,0.2500000000000006,0.6127450980392156,0.2500000000000006,0.6127450980392156,0.4313725490196081,0.4313725490196081,Low,High
Lickable Wallpaper,Pacific,Second Class,The Other Factory,6,30,600.0,300.0,300.0,3.0,The Other Factory,False,3.1500000000000004,0.51,-0.15000000000000036,-5.000000000000012,-0.2500000000000006,0.625,0.0,0.625,0.3125,0.3125,Low,High
Lickable Wallpaper,Pacific,Second Class,Wicked Choccy's,6,30,600.0,300.0,300.0,3.0,Wicked Choccy's,False,2.55,0.485,0.4500000000000002,15.000000000000005,0.7500000000000002,0.5943627450980391,0.7500000000000002,0.5943627450980391,0.6721813725490197,0.6721813725490197,Medium,Medium
Lickable Wallpaper,Pacific,Standard Class,Lot's O' Nuts,19,83,1660.0,830.0,830.0,5.0,Lot's O' Nuts,False,4.5,0.49,0.5,10.0,0.5,0.6004901960784313,0.5,0.6004901960784313,0.5502450980392157,0.5502450980392157,Medium,Medium
Lickable Wallpaper,Pacific,Standard Class,Secret Factory,19,83,1660.0,830.0,830.0,5.0,Secret Factory,False,4.0,0.48,1.0,20.0,1.0,0.588235294117647,1.0,0.588235294117647,0.7941176470588235,0.7941176470588235,High,Low
Lickable Wallpaper,Pacific,Standard Class,Sugar Shack,19,83,1660.0,830.0,830.0,5.0,Sugar Shack,False,4.75,0.5,0.25,5.0,0.25,0.6127450980392156,0.25,0.6127450980392156,0.4313725490196078,0.4313725490196078,Low,High
Lickable Wallpaper,Pacific,Standard Class,The Other Factory,19,83,1660.0,830.0,830.0,5.0,The Other Factory,False,5.25,0.51,-0.25,-5.0,-0.25,0.625,0.0,0.625,0.3125,0.3125,Low,High
Lickable Wallpaper,Pacific,Standard Class,Wicked Choccy's,19,83,1660.0,830.0,830.0,5.0,Wicked Choccy's,False,4.25,0.485,0.75,15.0,0.75,0.5943627450980391,0.75,0.5943627450980391,0.6721813725490196,0.6721813725490196,Medium,Medium
Nerds,Atlantic,Standard Class,Lot's O' Nuts,4,10,15.0,7.0,8.0,5.0,Lot's O' Nuts,False,4.5,0.4573333333333333,0.5,10.0,0.5,0.5604575163398692,0.5,0.5604575163398692,0.5302287581699345,0.5302287581699345,Medium,Medium
Nerds,Atlantic,Standard Class,Secret Factory,4,10,15.0,7.0,8.0,5.0,Secret Factory,False,4.0,0.448,1.0,20.0,1.0,0.5490196078431372,1.0,0.5490196078431372,0.7745098039215685,0.7745098039215685,High,Low
Nerds,Atlantic,Standard Class,Sugar Shack,4,10,15.0,7.0,8.0,5.0,Sugar Shack,False,4.75,0.4666666666666667,0.25,5.0,0.25,0.5718954248366013,0.25,0.5718954248366013,0.41094771241830064,0.41094771241830064,Low,High
Nerds,Atlantic,Standard Class,The Other Factory,4,10,15.0,7.0,8.0,5.0,The Other Factory,False,5.25,0.47600000000000003,-0.25,-5.0,-0.25,0.5833333333333334,0.0,0.5833333333333334,0.2916666666666667,0.2916666666666667,Low,High
Nerds,Atlantic,Standard Class,Wicked Choccy's,4,10,15.0,7.0,8.0,5.0,Wicked Choccy's,False,4.25,0.45266666666666666,0.75,15.0,0.75,0.5547385620915032,0.75,0.5547385620915032,0.6523692810457515,0.6523692810457515,Medium,Medium
SweeTARTS,Atlantic,Second Class,Lot's O' Nuts,1,5,7.5,3.5,4.0,3.0,Lot's O' Nuts,False,2.7,0.4573333333333333,0.2999999999999998,9.999999999999993,0.49999999999999967,0.5604575163398692,0.49999999999999967,0.5604575163398692,0.5302287581699344,0.5302287581699344,Medium,Medium
SweeTARTS,Atlantic,Second Class,Secret Factory,1,5,7.5,3.5,4.0,3.0,Secret Factory,False,2.4000000000000004,0.448,0.5999999999999996,19.999999999999986,0.9999999999999993,0.5490196078431372,0.9999999999999993,0.5490196078431372,0.7745098039215683,0.7745098039215683,High,Low
SweeTARTS,Atlantic,Second Class,Sugar Shack,1,5,7.5,3.5,4.0,3.0,Sugar Shack,False,2.8499999999999996,0.4666666666666667,0.15000000000000036,5.000000000000012,0.2500000000000006,0.5718954248366013,0.2500000000000006,0.5718954248366013,0.41094771241830097,0.41094771241830097,Low,High
SweeTARTS,Atlantic,Second Class,The Other Factory,1,5,7.5,3.5,4.0,3.0,The Other Factory,False,3.1500000000000004,0.47600000000000003,-0.15000000000000036,-5.000000000000012,-0.2500000000000006,0.5833333333333334,0.0,0.5833333333333334,0.2916666666666667,0.2916666666666667,Low,High
SweeTARTS,Atlantic,Second Class,Wicked Choccy's,1,5,7.5,3.5,4.0,3.0,Wicked Choccy's,False,2.55,0.45266666666666666,0.4500000000000002,15.000000000000005,0.7500000000000002,0.5547385620915032,0.7500000000000002,0.5547385620915032,0.6523692810457518,0.6523692810457518,Medium,Medium
SweeTARTS,Atlantic,Standard Class,Lot's O' Nuts,4,19,28.5,13.3,15.2,5.0,Lot's O' Nuts,False,4.5,0.4573333333333333,0.5,10.0,0.5,0.5604575163398692,0.5,0.5604575163398692,0.5302287581699345,0.5302287581699345,Medium,Medium
SweeTARTS,Atlantic,Standard Class,Secret Factory,4,19,28.5,13.3,15.2,5.0,Secret Factory,False,4.0,0.448,1.0,20.0,1.0,0.5490196078431372,1.0,0.5490196078431372,0.7745098039215685,0.7745098039215685,High,Low
SweeTARTS,Atlantic,Standard Class,Sugar Shack,4,19,28.5,13.3,15.2,5.0,Sugar Shack,False,4.75,0.4666666666666667,0.25,5.0,0.25,0.5718954248366013,0.25,0.5718954248366013,0.41094771241830064,0.41094771241830064,Low,High
SweeTARTS,Atlantic,Standard Class,The Other Factory,4,19,28.5,13.3,15.2,5.0,The Other Factory,False,5.25,0.47600000000000003,-0.25,-5.0,-0.25,0.5833333333333334,0.0,0.5833333333333334,0.2916666666666667,0.2916666666666667,Low,High
SweeTARTS,Atlantic,Standard Class,Wicked Choccy's,4,19,28.5,13.3,15.2,5.0,Wicked Choccy's,False,4.25,0.45266666666666666,0.75,15.0,0.75,0.5547385620915032,0.75,0.5547385620915032,0.6523692810457515,0.6523692810457515,Medium,Medium
SweeTARTS,Interior,Second Class,Lot's O' Nuts,1,2,3.0,1.4,1.6,3.0,Lot's O' Nuts,False,2.7,0.45733333333333326,0.2999999999999998,9.999999999999993,0.49999999999999967,0.5604575163398692,0.49999999999999967,0.5604575163398692,0.5302287581699344,0.5302287581699344,Medium,Medium
SweeTARTS,Interior,Second Class,Secret Factory,1,2,3.0,1.4,1.6,3.0,Secret Factory,False,2.4000000000000004,0.44799999999999995,0.5999999999999996,19.999999999999986,0.9999999999999993,0.5490196078431372,0.9999999999999993,0.5490196078431372,0.7745098039215683,0.7745098039215683,High,Low
SweeTARTS,Interior,Second Class,Sugar Shack,1,2,3.0,1.4,1.6,3.0,Sugar Shack,False,2.8499999999999996,0.4666666666666666,0.15000000000000036,5.000000000000012,0.2500000000000006,0.5718954248366012,0.2500000000000006,0.5718954248366012,0.41094771241830086,0.41094771241830086,Low,High
SweeTARTS,Interior,Second Class,The Other Factory,1,2,3.0,1.4,1.6,3.0,The Other Factory,False,3.1500000000000004,0.476,-0.15000000000000036,-5.000000000000012,-0.2500000000000006,0.5833333333333333,0.0,0.5833333333333333,0.29166666666666663,0.29166666666666663,Low,High
SweeTARTS,Interior,Second Class,Wicked Choccy's,1,2,3.0,1.4,1.6,3.0,Wicked Choccy's,False,2.55,0.4526666666666666,0.4500000000000002,15.000000000000005,0.7500000000000002,0.5547385620915032,0.7500000000000002,0.5547385620915032,0.6523692810457518,0.6523692810457518,Medium,Medium
SweeTARTS,Interior,Standard Class,Lot's O' Nuts,3,11,16.5,7.7,8.8,5.0,Lot's O' Nuts,False,4.5,0.4573333333333333,0.5,10.0,0.5,0.5604575163398692,0.5,0.5604575163398692,0.5302287581699345,0.5302287581699345,Medium,Medium
SweeTARTS,Interior,Standard Class,Secret Factory,3,11,16.5,7.7,8.8,5.0,Secret Factory,False,4.0,0.448,1.0,20.0,1.0,0.5490196078431372,1.0,0.5490196078431372,0.7745098039215685,0.7745098039215685,High,Low
SweeTARTS,Interior,Standard Class,Sugar Shack,3,11,16.5,7.7,8.8,5.0,Sugar Shack,False,4.75,0.4666666666666667,0.25,5.0,0.25,0.5718954248366013,0.25,0.5718954248366013,0.41094771241830064,0.41094771241830064,Low,High
SweeTARTS,Interior,Standard Class,The Other Factory,3,11,16.5,7.7,8.8,5.0,The Other Factory,False,5.25,0.47600000000000003,-0.25,-5.0,-0.25,0.5833333333333334,0.0,0.5833333333333334,0.2916666666666667,0.2916666666666667,Low,High
SweeTARTS,Interior,Standard Class,Wicked Choccy's,3,11,16.5,7.7,8.8,5.0,Wicked Choccy's,False,4.25,0.45266666666666666,0.75,15.0,0.75,0.5547385620915032,0.75,0.5547385620915032,0.6523692810457515,0.6523692810457515,Medium,Medium
SweeTARTS,Pacific,Second Class,Lot's O' Nuts,1,4,6.0,2.8,3.2,3.0,Lot's O' Nuts,False,2.7,0.45733333333333326,0.2999999999999998,9.999999999999993,0.49999999999999967,0.5604575163398692,0.49999999999999967,0.5604575163398692,0.5302287581699344,0.5302287581699344,Medium,Medium
SweeTARTS,Pacific,Second Class,Secret Factory,1,4,6.0,2.8,3.2,3.0,Secret Factory,False,2.4000000000000004,0.44799999999999995,0.5999999999999996,19.999999999999986,0.9999999999999993,0.5490196078431372,0.9999999999999993,0.5490196078431372,0.7745098039215683,0.7745098039215683,High,Low
SweeTARTS,Pacific,Second Class,Sugar Shack,1,4,6.0,2.8,3.2,3.0,Sugar Shack,False,2.8499999999999996,0.4666666666666666,0.15000000000000036,5.000000000000012,0.2500000000000006,0.5718954248366012,0.2500000000000006,0.5718954248366012,0.41094771241830086,0.41094771241830086,Low,High
SweeTARTS,Pacific,Second Class,The Other Factory,1,4,6.0,2.8,3.2,3.0,The Other Factory,False,3.1500000000000004,0.476,-0.15000000000000036,-5.000000000000012,-0.2500000000000006,0.5833333333333333,0.0,0.5833333333333333,0.29166666666666663,0.29166666666666663,Low,High
SweeTARTS,Pacific,Second Class,Wicked Choccy's,1,4,6.0,2.8,3.2,3.0,Wicked Choccy's,False,2.55,0.4526666666666666,0.4500000000000002,15.000000000000005,0.7500000000000002,0.5547385620915032,0.7500000000000002,0.5547385620915032,0.6523692810457518,0.6523692810457518,Medium,Medium
Wonka Bar - Fudge Mallows,Atlantic,First Class,Lot's O' Nuts,85,382,1375.2,916.8,458.4,2.0,Lot's O' Nuts,False,1.8,0.6533333333333333,0.19999999999999996,9.999999999999998,0.4999999999999999,0.8006535947712418,0.4999999999999999,0.8006535947712418,0.6503267973856208,0.6503267973856208,Medium,Medium
Wonka Bar - Fudge Mallows,Atlantic,First Class,Secret Factory,85,382,1375.2,916.8,458.4,2.0,Secret Factory,False,1.6,0.6399999999999999,0.3999999999999999,19.999999999999996,0.9999999999999998,0.784313725490196,0.9999999999999998,0.784313725490196,0.8921568627450979,0.8921568627450979,High,Low
Wonka Bar - Fudge Mallows,Atlantic,First Class,Sugar Shack,85,382,1375.2,916.8,458.4,2.0,Sugar Shack,False,1.9,0.6666666666666666,0.10000000000000009,5.000000000000004,0.2500000000000002,0.8169934640522875,0.2500000000000002,0.8169934640522875,0.5334967320261439,0.5334967320261439,Medium,Medium
Wonka Bar - Fudge Mallows,Atlantic,First Class,The Other Factory,85,382,1375.2,916.8,458.4,2.0,The Other Factory,False,2.1,0.6799999999999999,-0.10000000000000009,-5.000000000000004,-0.2500000000000002,0.8333333333333331,0.0,0.8333333333333331,0.4166666666666666,0.4166666666666666,Low,High
Wonka Bar - Fudge Mallows,Atlantic,First Class,Wicked Choccy's,85,382,1375.2,916.8,458.4,2.0,Wicked Choccy's,False,1.7,0.6466666666666666,0.30000000000000004,15.000000000000002,0.7500000000000001,0.7924836601307188,0.7500000000000001,0.7924836601307188,0.7712418300653594,0.7712418300653594,High,Low
Wonka Bar - Fudge Mallows,Atlantic,Same Day,Lot's O' Nuts,18,75,269.99999999999994,180.00000000000006,90.00000000000003,1.0,Lot's O' Nuts,False,0.9,0.6533333333333337,0.09999999999999998,9.999999999999998,0.4999999999999999,0.8006535947712422,0.4999999999999999,0.8006535947712422,0.650326797385621,0.650326797385621,Medium,Medium
Wonka Bar - Fudge Mallows,Atlantic,Same Day,Secret Factory,18,75,269.99999999999994,180.00000000000006,90.00000000000003,1.0,Secret Factory,False,0.8,0.6400000000000002,0.19999999999999996,19.999999999999996,0.9999999999999998,0.7843137254901963,0.9999999999999998,0.7843137254901963,0.892156862745098,0.892156862745098,High,Low
Wonka Bar - Fudge Mallows,Atlantic,Same Day,Sugar Shack,18,75,269.99999999999994,180.00000000000006,90.00000000000003,1.0,Sugar Shack,False,0.95,0.666666666666667,0.050000000000000044,5.000000000000004,0.2500000000000002,0.8169934640522879,0.2500000000000002,0.8169934640522879,0.5334967320261441,0.5334967320261441,Medium,Medium
Wonka Bar - Fudge Mallows,Atlantic,Same Day,The Other Factory,18,75,269.99999999999994,180.00000000000006,90.00000000000003,1.0,The Other Factory,False,1.05,0.6800000000000003,-0.050000000000000044,-5.000000000000004,-0.2500000000000002,0.8333333333333336,0.0,0.8333333333333336,0.4166666666666668,0.4166666666666668,Low,High
Wonka Bar - Fudge Mallows,Atlantic,Same Day,Wicked Choccy's,18,75,269.99999999999994,180.00000000000006,90.00000000000003,1.0,Wicked Choccy's,False,0.85,0.646666666666667,0.15000000000000002,15.000000000000002,0.7500000000000001,0.7924836601307192,0.7500000000000001,0.7924836601307192,0.7712418300653596,0.7712418300653596,High,Low
Wonka Bar - Fudge Mallows,Atlantic,Second Class,Lot's O' Nuts,82,359,1292.3999999999999,861.5999999999999,430.79999999999995,3.0,Lot's O' Nuts,False,2.7,0.6533333333333333,0.2999999999999998,9.999999999999993,0.49999999999999967,0.8006535947712418,0.49999999999999967,0.8006535947712418,0.6503267973856207,0.6503267973856207,Medium,Medium
Wonka Bar - Fudge Mallows,Atlantic,Second Class,Secret Factory,82,359,1292.3999999999999,861.5999999999999,430.79999999999995,3.0,Secret Factory,False,2.4000000000000004,0.6399999999999999,0.5999999999999996,19.999999999999986,0.9999999999999993,0.784313725490196,0.9999999999999993,0.784313725490196,0.8921568627450976,0.8921568627450976,High,Low
Wonka Bar - Fudge Mallows,Atlantic,Second Class,Sugar Shack,82,359,1292.3999999999999,861.5999999999999,430.79999999999995,3.0,Sugar Shack,False,2.8499999999999996,0.6666666666666666,0.15000000000000036,5.000000000000012,0.2500000000000006,0.8169934640522875,0.2500000000000006,0.8169934640522875,0.533496732026144,0.533496732026144,Medium,Medium
Wonka Bar - Fudge Mallows,Atlantic,Second Class,The Other Factory,82,359,1292.3999999999999,861.5999999999999,430.79999999999995,3.0,The Other Factory,False,3.1500000000000004,0.6799999999999999,-0.15000000000000036,-5.000000000000012,-0.2500000000000006,0.8333333333333331,0.0,0.8333333333333331,0.4166666666666666,0.4166666666666666,Low,High
Wonka Bar - Fudge Mallows,Atlantic,Second Class,Wicked Choccy's,82,359,1292.3999999999999,861.5999999999999,430.79999999999995,3.0,Wicked Choccy's,False,2.55,0.6466666666666666,0.4500000000000002,15.000000000000005,0.7500000000000002,0.7924836601307188,0.7500000000000002,0.7924836601307188,0.7712418300653595,0.7712418300653595,High,Low
Wonka Bar - Fudge Mallows,Atlantic,Standard Class,Lot's O' Nuts,270,1192,4291.200000000001,2860.7999999999997,1430.3999999999999,5.0,Lot's O' Nuts,False,4.5,0.6533333333333332,0.5,10.0,0.5,0.8006535947712417,0.5,0.8006535947712417,0.6503267973856208,0.6503267973856208,Medium,Medium
Wonka Bar - Fudge Mallows,Atlantic,Standard Class,Secret Factory,270,1192,4291.200000000001,2860.7999999999997,1430.3999999999999,5.0,Secret Factory,False,4.0,0.6399999999999998,1.0,20.0,1.0,0.7843137254901957,1.0,0.7843137254901957,0.8921568627450979,0.8921568627450979,High,Low
Wonka Bar - Fudge Mallows,Atlantic,Standard Class,Sugar Shack,270,1192,4291.200000000001,2860.7999999999997,1430.3999999999999,5.0,Sugar Shack,False,4.75,0.6666666666666665,0.25,5.0,0.25,0.8169934640522873,0.25,0.8169934640522873,0.5334967320261437,0.5334967320261437,Medium,Medium
Wonka Bar - Fudge Mallows,Atlantic,Standard Class,The Other Factory,270,1192,4291.200000000001,2860.7999999999997,1430.3999999999999,5.0,The Other Factory,False,5.25,0.6799999999999998,-0.25,-5.0,-0.25,0.833333333333333,0.0,0.833333333333333,0.4166666666666665,0.4166666666666665,Low,High
Wonka Bar - Fudge Mallows,Atlantic,Standard Class,Wicked Choccy's,270,1192,4291.200000000001,2860.7999999999997,1430.3999999999999,5.0,Wicked Choccy's,False,4.25,0.6466666666666665,0.75,15.0,0.75,0.7924836601307187,0.75,0.7924836601307187,0.7712418300653594,0.7712418300653594,High,Low
Wonka Bar - Fudge Mallows,Gulf,First Class,Lot's O' Nuts,36,140,504.00000000000006,335.99999999999994,167.99999999999997,2.0,Lot's O' Nuts,False,1.8,0.6533333333333332,0.19999999999999996,9.999999999999998,0.4999999999999999,0.8006535947712417,0.4999999999999999,0.8006535947712417,0.6503267973856208,0.6503267973856208,Medium,Medium
Wonka Bar - Fudge Mallows,Gulf,First Class,Secret Factory,36,140,504.00000000000006,335.99999999999994,167.99999999999997,2.0,Secret Factory,False,1.6,0.6399999999999998,0.3999999999999999,19.999999999999996,0.9999999999999998,0.7843137254901957,0.9999999999999998,0.7843137254901957,0.8921568627450978,0.8921568627450978,High,Low
Wonka Bar - Fudge Mallows,Gulf,First Class,Sugar Shack,36,140,504.00000000000006,335.99999999999994,167.99999999999997,2.0,Sugar Shack,False,1.9,0.6666666666666665,0.10000000000000009,5.000000000000004,0.2500000000000002,0.8169934640522873,0.2500000000000002,0.8169934640522873,0.5334967320261438,0.5334967320261438,Medium,Medium
Wonka Bar - Fudge Mallows,Gulf,First Class,The Other Factory,36,140,504.00000000000006,335.99999999999994,167.99999999999997,2.0,The Other Factory,False,2.1,0.6799999999999998,-0.10000000000000009,-5.000000000000004,-0.2500000000000002,0.833333333333333,0.0,0.833333333333333,0.4166666666666665,0.4166666666666665,Low,High
Wonka Bar - Fudge Mallows,Gulf,First Class,Wicked Choccy's,36,140,504.00000000000006,335.99999999999994,167.99999999999997,2.0,Wicked Choccy's,False,1.7,0.6466666666666665,0.30000000000000004,15.000000000000002,0.7500000000000001,0.7924836601307187,0.7500000000000001,0.7924836601307187,0.7712418300653594,0.7712418300653594,High,Low
Wonka Bar - Fudge Mallows,Gulf,Same Day,Lot's O' Nuts,14,90,324.0,216.0,108.0,1.0,Lot's O' Nuts,False,0.9,0.6533333333333333,0.09999999999999998,9.999999999999998,0.4999999999999999,0.8006535947712418,0.4999999999999999,0.8006535947712418,0.6503267973856208,0.6503267973856208,Medium,Medium
Wonka Bar - Fudge Mallows,Gulf,Same Day,Secret Factory,14,90,324.0,216.0,108.0,1.0,Secret Factory,False,0.8,0.6399999999999999,0.19999999999999996,19.999999999999996,0.9999999999999998,0.784313725490196,0.9999999999999998,0.784313725490196,0.8921568627450979,0.8921568627450979,High,Low
Wonka Bar - Fudge Mallows,Gulf,Same Day,Sugar Shack,14,90,324.0,216.0,108.0,1.0,Sugar Shack,False,0.95,0.6666666666666666,0.050000000000000044,5.000000000000004,0.2500000000000002,0.8169934640522875,0.2500000000000002,0.8169934640522875,0.5334967320261439,0.5334967320261439,Medium,Medium
Wonka Bar - Fudge Mallows,Gulf,Same Day,The Other Factory,14,90,324.0,216.0,108.0,1.0,The Other Factory,False,1.05,0.6799999999999999,-0.050000000000000044,-5.000000000000004,-0.2500000000000002,0.8333333333333331,0.0,0.8333333333333331,0.4166666666666666,0.4166666666666666,Low,High
Wonka Bar - Fudge Mallows,Gulf,Same Day,Wicked Choccy's,14,90,324.0,216.0,108.0,1.0,Wicked Choccy's,False,0.85,0.6466666666666666,0.15000000000000002,15.000000000000002,0.7500000000000001,0.7924836601307188,0.7500000000000001,0.7924836601307188,0.7712418300653594,0.7712418300653594,High,Low
Wonka Bar - Fudge Mallows,Gulf,Second Class,Lot's O' Nuts,50,210,756.0,504.0,252.0,3.0,Lot's O' Nuts,False,2.7,0.6533333333333333,0.2999999999999998,9.999999999999993,0.49999999999999967,0.8006535947712418,0.49999999999999967,0.8006535947712418,0.6503267973856207,0.6503267973856207,Medium,Medium
Wonka Bar - Fudge Mallows,Gulf,Second Class,Secret Factory,50,210,756.0,504.0,252.0,3.0,Secret Factory,False,2.4000000000000004,0.6399999999999999,0.5999999999999996,19.999999999999986,0.9999999999999993,0.784313725490196,0.9999999999999993,0.784313725490196,0.8921568627450976,0.8921568627450976,High,Low
Wonka Bar - Fudge Mallows,Gulf,Second Class,Sugar Shack,50,210,756.0,504.0,252.0,3.0,Sugar Shack,False,2.8499999999999996,0.6666666666666666,0.15000000000000036,5.000000000000012,0.2500000000000006,0.8169934640522875,0.2500000000000006,0.8169934640522875,0.533496732026144,0.533496732026144,Medium,Medium
Wonka Bar - Fudge Mallows,Gulf,Second Class,The Other Factory,50,210,756.0,504.0,252.0,3.0,The Other Factory,False,3.1500000000000004,0.6799999999999999,-0.15000000000000036,-5.000000000000012,-0.2500000000000006,0.8333333333333331,0.0,0.8333333333333331,0.4166666666666666,0.4166666666666666,Low,High
Wonka Bar - Fudge Mallows,Gulf,Second Class,Wicked Choccy's,50,210,756.0,504.0,252.0,3.0,Wicked Choccy's,False,2.55,0.6466666666666666,0.4500000000000002,15.000000000000005,0.7500000000000002,0.7924836601307188,0.7500000000000002,0.7924836601307188,0.7712418300653595,0.7712418300653595,High,Low
Wonka Bar - Fudge Mallows,Gulf,Standard Class,Lot's O' Nuts,143,642,2311.2,1540.8,770.4,5.0,Lot's O' Nuts,False,4.5,0.6533333333333334,0.5,10.0,0.5,0.8006535947712419,0.5,0.8006535947712419,0.6503267973856209,0.6503267973856209,Medium,Medium
Wonka Bar - Fudge Mallows,Gulf,Standard Class,Secret Factory,143,642,2311.2,1540.8,770.4,5.0,Secret Factory,False,4.0,0.64,1.0,20.0,1.0,0.7843137254901961,1.0,0.7843137254901961,0.892156862745098,0.892156862745098,High,Low
Wonka Bar - Fudge Mallows,Gulf,Standard Class,Sugar Shack,143,642,2311.2,1540.8,770.4,5.0,Sugar Shack,False,4.75,0.6666666666666667,0.25,5.0,0.25,0.8169934640522876,0.25,0.8169934640522876,0.5334967320261438,0.5334967320261438,Medium,Medium
Wonka Bar - Fudge Mallows,Gulf,Standard Class,The Other Factory,143,642,2311.2,1540.8,770.4,5.0,The Other Factory,False,5.25,0.68,-0.25,-5.0,-0.25,0.8333333333333334,0.0,0.8333333333333334,0.4166666666666667,0.4166666666666667,Low,High
Wonka Bar - Fudge Mallows,Gulf,Standard Class,Wicked Choccy's,143,642,2311.2,1540.8,770.4,5.0,Wicked Choccy's,False,4.25,0.6466666666666667,0.75,15.0,0.75,0.7924836601307189,0.75,0.7924836601307189,0.7712418300653594,0.7712418300653594,High,Low
Wonka Bar - Fudge Mallows,Interior,First Class,Lot's O' Nuts,46,203,730.8,487.20000000000005,243.60000000000002,2.0,Lot's O' Nuts,False,1.8,0.6533333333333334,0.19999999999999996,9.999999999999998,0.4999999999999999,0.8006535947712419,0.4999999999999999,0.8006535947712419,0.6503267973856208,0.6503267973856208,Medium,Medium
Wonka Bar - Fudge Mallows,Interior,First Class,Secret Factory,46,203,730.8,487.20000000000005,243.60000000000002,2.0,Secret Factory,False,1.6,0.64,0.3999999999999999,19.999999999999996,0.9999999999999998,0.7843137254901961,0.9999999999999998,0.7843137254901961,0.892156862745098,0.892156862745098,High,Low
Wonka Bar - Fudge Mallows,Interior,First Class,Sugar Shack,46,203,730.8,487.20000000000005,243.60000000000002,2.0,Sugar Shack,False,1.9,0.6666666666666667,0.10000000000000009,5.000000000000004,0.2500000000000002,0.8169934640522876,0.2500000000000002,0.8169934640522876,0.5334967320261439,0.5334967320261439,Medium,Medium
Wonka Bar - Fudge Mallows,Interior,First Class,The Other Factory,46,203,730.8,487.20000000000005,243.60000000000002,2.0,The Other Factory,False,2.1,0.68,-0.10000000000000009,-5.000000000000004,-0.2500000000000002,0.8333333333333334,0.0,0.8333333333333334,0.4166666666666667,0.4166666666666667,Low,High
Wonka Bar - Fudge Mallows,Interior,First Class,Wicked Choccy's,46,203,730.8,487.20000000000005,243.60000000000002,2.0,Wicked Choccy's,False,1.7,0.6466666666666667,0.30000000000000004,15.000000000000002,0.7500000000000001,0.7924836601307189,0.7500000000000001,0.7924836601307189,0.7712418300653595,0.7712418300653595,High,Low
Wonka Bar - Fudge Mallows,Interior,Same Day,Lot's O' Nuts,20,79,284.4,189.6,94.8,1.0,Lot's O' Nuts,False,0.9,0.6533333333333334,0.09999999999999998,9.999999999999998,0.4999999999999999,0.8006535947712419,0.4999999999999999,0.8006535947712419,0.6503267973856208,0.6503267973856208,Medium,Medium
Wonka Bar - Fudge Mallows,Interior,Same Day,Secret Factory,20,79,284.4,189.6,94.8,1.0,Secret Factory,False,0.8,0.64,0.19999999999999996,19.999999999999996,0.9999999999999998,0.7843137254901961,0.9999999999999998,0.7843137254901961,0.892156862745098,0.892156862745098,High,Low
Wonka Bar - Fudge Mallows,Interior,Same Day,Sugar Shack,20,79,284.4,189.6,94.8,1.0,Sugar Shack,False,0.95,0.6666666666666667,0.050000000000000044,5.000000000000004,0.2500000000000002,0.8169934640522876,0.2500000000000002,0.8169934640522876,0.5334967320261439,0.5334967320261439,Medium,Medium
Wonka Bar - Fudge Mallows,Interior,Same Day,The Other Factory,20,79,284.4,189.6,94.8,1.0,The Other Factory,False,1.05,0.68,-0.050000000000000044,-5.000000000000004,-0.2500000000000002,0.8333333333333334,0.0,0.8333333333333334,0.4166666666666667,0.4166666666666667,Low,High
Wonka Bar - Fudge Mallows,Interior,Same Day,Wicked Choccy's,20,79,284.4,189.6,94.8,1.0,Wicked Choccy's,False,0.85,0.6466666666666667,0.15000000000000002,15.000000000000002,0.7500000000000001,0.7924836601307189,0.7500000000000001,0.7924836601307189,0.7712418300653595,0.7712418300653595,High,Low
Wonka Bar - Fudge Mallows,Interior,Second Class,Lot's O' Nuts,61,292,1051.2000000000003,700.8000000000001,350.40000000000003,3.0,Lot's O' Nuts,False,2.7,0.6533333333333332,0.2999999999999998,9.999999999999993,0.49999999999999967,0.8006535947712417,0.49999999999999967,0.8006535947712417,0.6503267973856206,0.6503267973856206,Medium,Medium
Wonka Bar - Fudge Mallows,Interior,Second Class,Secret Factory,61,292,1051.2000000000003,700.8000000000001,350.40000000000003,3.0,Secret Factory,False,2.4000000000000004,0.6399999999999998,0.5999999999999996,19.999999999999986,0.9999999999999993,0.7843137254901957,0.9999999999999993,0.7843137254901957,0.8921568627450975,0.8921568627450975,High,Low
Wonka Bar - Fudge Mallows,Interior,Second Class,Sugar Shack,61,292,1051.2000000000003,700.8000000000001,350.40000000000003,3.0,Sugar Shack,False,2.8499999999999996,0.6666666666666665,0.15000000000000036,5.000000000000012,0.2500000000000006,0.8169934640522873,0.2500000000000006,0.8169934640522873,0.533496732026144,0.533496732026144,Medium,Medium
Wonka Bar - Fudge Mallows,Interior,Second Class,The Other Factory,61,292,1051.2000000000003,700.8000000000001,350.40000000000003,3.0,The Other Factory,False,3.1500000000000004,0.6799999999999998,-0.15000000000000036,-5.000000000000012,-0.2500000000000006,0.833333333333333,0.0,0.833333333333333,0.4166666666666665,0.4166666666666665,Low,High
Wonka Bar - Fudge Mallows,Interior,Second Class,Wicked Choccy's,61,292,1051.2000000000003,700.8000000000001,350.40000000000003,3.0,Wicked Choccy's,False,2.55,0.6466666666666665,0.4500000000000002,15.000000000000005,0.7500000000000002,0.7924836601307187,0.7500000000000002,0.7924836601307187,0.7712418300653594,0.7712418300653594,High,Low
Wonka Bar - Fudge Mallows,Interior,Standard Class,Lot's O' Nuts,221,1021,3675.6000000000004,2450.4,1225.2,5.0,Lot's O' Nuts,False,4.5,0.6533333333333333,0.5,10.0,0.5,0.8006535947712418,0.5,0.8006535947712418,0.6503267973856208,0.6503267973856208,Medium,Medium
Wonka Bar - Fudge Mallows,Interior,Standard Class,Secret Factory,221,1021,3675.6000000000004,2450.4,1225.2,5.0,Secret Factory,False,4.0,0.6399999999999999,1.0,20.0,1.0,0.784313725490196,1.0,0.784313725490196,0.892156862745098,0.892156862745098,High,Low
Wonka Bar - Fudge Mallows,Interior,Standard Class,Sugar Shack,221,1021,3675.6000000000004,2450.4,1225.2,5.0,Sugar Shack,False,4.75,0.6666666666666666,0.25,5.0,0.25,0.8169934640522875,0.25,0.8169934640522875,0.5334967320261437,0.5334967320261437,Medium,Medium
Wonka Bar - Fudge Mallows,Interior,Standard Class,The Other Factory,221,1021,3675.6000000000004,2450.4,1225.2,5.0,The Other Factory,False,5.25,0.6799999999999999,-0.25,-5.0,-0.25,0.8333333333333331,0.0,0.8333333333333331,0.4166666666666666,0.4166666666666666,Low,High
Wonka Bar - Fudge Mallows,Interior,Standard Class,Wicked Choccy's,221,1021,3675.6000000000004,2450.4,1225.2,5.0,Wicked Choccy's,False,4.25,0.6466666666666666,0.75,15.0,0.75,0.7924836601307188,0.75,0.7924836601307188,0.7712418300653594,0.7712418300653594,High,Low
Wonka Bar - Fudge Mallows,Pacific,First Class,Lot's O' Nuts,64,269,968.4000000000001,645.6000000000001,322.80000000000007,2.0,Lot's O' Nuts,False,1.8,0.6533333333333334,0.19999999999999996,9.999999999999998,0.4999999999999999,0.8006535947712419,0.4999999999999999,0.8006535947712419,0.6503267973856208,0.6503267973856208,Medium,Medium
Wonka Bar - Fudge Mallows,Pacific,First Class,Secret Factory,64,269,968.4000000000001,645.6000000000001,322.80000000000007,2.0,Secret Factory,False,1.6,0.64,0.3999999999999999,19.999999999999996,0.9999999999999998,0.7843137254901961,0.9999999999999998,0.7843137254901961,0.892156862745098,0.892156862745098,High,Low
Wonka Bar - Fudge Mallows,Pacific,First Class,Sugar Shack,64,269,968.4000000000001,645.6000000000001,322.80000000000007,2.0,Sugar Shack,False,1.9,0.6666666666666667,0.10000000000000009,5.000000000000004,0.2500000000000002,0.8169934640522876,0.2500000000000002,0.8169934640522876,0.5334967320261439,0.5334967320261439,Medium,Medium
Wonka Bar - Fudge Mallows,Pacific,First Class,The Other Factory,64,269,968.4000000000001,645.6000000000001,322.80000000000007,2.0,The Other Factory,False,2.1,0.68,-0.10000000000000009,-5.000000000000004,-0.2500000000000002,0.8333333333333334,0.0,0.8333333333333334,0.4166666666666667,0.4166666666666667,Low,High
Wonka Bar - Fudge Mallows,Pacific,First Class,Wicked Choccy's,64,269,968.4000000000001,645.6000000000001,322.80000000000007,2.0,Wicked Choccy's,False,1.7,0.6466666666666667,0.30000000000000004,15.000000000000002,0.7500000000000001,0.7924836601307189,0.7500000000000001,0.7924836601307189,0.7712418300653595,0.7712418300653595,High,Low
Wonka Bar - Fudge Mallows,Pacific,Same Day,Lot's O' Nuts,28,113,406.8000000000001,271.2,135.6,1.0,Lot's O' Nuts,False,0.9,0.6533333333333331,0.09999999999999998,9.999999999999998,0.4999999999999999,0.8006535947712415,0.4999999999999999,0.8006535947712415,0.6503267973856207,0.6503267973856207,Medium,Medium
Wonka Bar - Fudge Mallows,Pacific,Same Day,Secret Factory,28,113,406.8000000000001,271.2,135.6,1.0,Secret Factory,False,0.8,0.6399999999999997,0.19999999999999996,19.999999999999996,0.9999999999999998,0.7843137254901956,0.9999999999999998,0.7843137254901956,0.8921568627450978,0.8921568627450978,High,Low
Wonka Bar - Fudge Mallows,Pacific,Same Day,Sugar Shack,28,113,406.8000000000001,271.2,135.6,1.0,Sugar Shack,False,0.95,0.6666666666666664,0.050000000000000044,5.000000000000004,0.2500000000000002,0.8169934640522872,0.2500000000000002,0.8169934640522872,0.5334967320261437,0.5334967320261437,Medium,Medium
Wonka Bar - Fudge Mallows,Pacific,Same Day,The Other Factory,28,113,406.8000000000001,271.2,135.6,1.0,The Other Factory,False,1.05,0.6799999999999997,-0.050000000000000044,-5.000000000000004,-0.2500000000000002,0.8333333333333329,0.0,0.8333333333333329,0.41666666666666646,0.41666666666666646,Low,High
Wonka Bar - Fudge Mallows,Pacific,Same Day,Wicked Choccy's,28,113,406.8000000000001,271.2,135.6,1.0,Wicked Choccy's,False,0.85,0.6466666666666664,0.15000000000000002,15.000000000000002,0.7500000000000001,0.7924836601307186,0.7500000000000001,0.7924836601307186,0.7712418300653594,0.7712418300653594,High,Low
Wonka Bar - Fudge Mallows,Pacific,Second Class,Lot's O' Nuts,103,480,1727.9999999999998,1152.0,576.0,3.0,Lot's O' Nuts,False,2.7,0.6533333333333334,0.2999999999999998,9.999999999999993,0.49999999999999967,0.8006535947712419,0.49999999999999967,0.8006535947712419,0.6503267973856208,0.6503267973856208,Medium,Medium
Wonka Bar - Fudge Mallows,Pacific,Second Class,Secret Factory,103,480,1727.9999999999998,1152.0,576.0,3.0,Secret Factory,False,2.4000000000000004,0.64,0.5999999999999996,19.999999999999986,0.9999999999999993,0.7843137254901961,0.9999999999999993,0.7843137254901961,0.8921568627450978,0.8921568627450978,High,Low
Wonka Bar - Fudge Mallows,Pacific,Second Class,Sugar Shack,103,480,1727.9999999999998,1152.0,576.0,3.0,Sugar Shack,False,2.8499999999999996,0.6666666666666667,0.15000000000000036,5.000000000000012,0.2500000000000006,0.8169934640522876,0.2500000000000006,0.8169934640522876,0.5334967320261441,0.5334967320261441,Medium,Medium
Wonka Bar - Fudge Mallows,Pacific,Second Class,The Other Factory,103,480,1727.9999999999998,1152.0,576.0,3.0,The Other Factory,False,3.1500000000000004,0.68,-0.15000000000000036,-5.000000000000012,-0.2500000000000006,0.8333333333333334,0.0,0.8333333333333334,0.4166666666666667,0.4166666666666667,Low,High
Wonka Bar - Fudge Mallows,Pacific,Second Class,Wicked Choccy's,103,480,1727.9999999999998,1152.0,576.0,3.0,Wicked Choccy's,False,2.55,0.6466666666666667,0.4500000000000002,15.000000000000005,0.7500000000000002,0.7924836601307189,0.7500000000000002,0.7924836601307189,0.7712418300653596,0.7712418300653596,High,Low
Wonka Bar - Fudge Mallows,Pacific,Standard Class,Lot's O' Nuts,286,1367,4921.2,3280.8,1640.4,5.0,Lot's O' Nuts,False,4.5,0.6533333333333334,0.5,10.0,0.5,0.8006535947712419,0.5,0.8006535947712419,0.6503267973856209,0.6503267973856209,Medium,Medium
Wonka Bar - Fudge Mallows,Pacific,Standard Class,Secret Factory,286,1367,4921.2,3280.8,1640.4,5.0,Secret Factory,False,4.0,0.64,1.0,20.0,1.0,0.7843137254901961,1.0,0.7843137254901961,0.892156862745098,0.892156862745098,High,Low
Wonka Bar - Fudge Mallows,Pacific,Standard Class,Sugar Shack,286,1367,4921.2,3280.8,1640.4,5.0,Sugar Shack,False,4.75,0.6666666666666667,0.25,5.0,0.25,0.8169934640522876,0.25,0.8169934640522876,0.5334967320261438,0.5334967320261438,Medium,Medium
Wonka Bar - Fudge Mallows,Pacific,Standard Class,The Other Factory,286,1367,4921.2,3280.8,1640.4,5.0,The Other Factory,False,5.25,0.68,-0.25,-5.0,-0.25,0.8333333333333334,0.0,0.8333333333333334,0.4166666666666667,0.4166666666666667,Low,High
Wonka Bar - Fudge Mallows,Pacific,Standard Class,Wicked Choccy's,286,1367,4921.2,3280.8,1640.4,5.0,Wicked Choccy's,False,4.25,0.6466666666666667,0.75,15.0,0.75,0.7924836601307189,0.75,0.7924836601307189,0.7712418300653594,0.7712418300653594,High,Low
Wonka Bar - Milk Chocolate,Atlantic,First Class,Lot's O' Nuts,65,261,848.25,550.71,297.53999999999996,2.0,Lot's O' Nuts,False,1.8,0.6362461538461539,0.19999999999999996,9.999999999999998,0.4999999999999999,0.7797134238310709,0.4999999999999999,0.7797134238310709,0.6398567119155354,0.6398567119155354,Medium,Medium
Wonka Bar - Milk Chocolate,Atlantic,First Class,Secret Factory,65,261,848.25,550.71,297.53999999999996,2.0,Secret Factory,False,1.6,0.6232615384615385,0.3999999999999999,19.999999999999996,0.9999999999999998,0.7638009049773756,0.9999999999999998,0.7638009049773756,0.8819004524886878,0.8819004524886878,High,Low
Wonka Bar - Milk Chocolate,Atlantic,First Class,Sugar Shack,65,261,848.25,550.71,297.53999999999996,2.0,Sugar Shack,False,1.9,0.6492307692307693,0.10000000000000009,5.000000000000004,0.2500000000000002,0.7956259426847662,0.2500000000000002,0.7956259426847662,0.5228129713423832,0.5228129713423832,Medium,Medium
Wonka Bar - Milk Chocolate,Atlantic,First Class,The Other Factory,65,261,848.25,550.71,297.53999999999996,2.0,The Other Factory,False,2.1,0.6622153846153847,-0.10000000000000009,-5.000000000000004,-0.2500000000000002,0.8115384615384615,0.0,0.8115384615384615,0.40576923076923077,0.40576923076923077,Low,High
Wonka Bar - Milk Chocolate,Atlantic,First Class,Wicked Choccy's,65,261,848.25,550.71,297.53999999999996,2.0,Wicked Choccy's,False,1.7,0.6297538461538462,0.30000000000000004,15.000000000000002,0.7500000000000001,0.7717571644042233,0.7500000000000001,0.7717571644042233,0.7608785822021117,0.7608785822021117,High,Low
Wonka Bar - Milk Chocolate,Atlantic,Same Day,Lot's O' Nuts,30,153,497.25,322.83000000000004,174.41999999999996,1.0,Lot's O' Nuts,False,0.9,0.6362461538461539,0.09999999999999998,9.999999999999998,0.4999999999999999,0.7797134238310709,0.4999999999999999,0.7797134238310709,0.6398567119155354,0.6398567119155354,Medium,Medium
Wonka Bar - Milk Chocolate,Atlantic,Same Day,Secret Factory,30,153,497.25,322.83000000000004,174.41999999999996,1.0,Secret Factory,False,0.8,0.6232615384615385,0.19999999999999996,19.999999999999996,0.9999999999999998,0.7638009049773756,0.9999999999999998,0.7638009049773756,0.8819004524886878,0.8819004524886878,High,Low
Wonka Bar - Milk Chocolate,Atlantic,Same Day,Sugar Shack,30,153,497.25,322.83000000000004,174.41999999999996,1.0,Sugar Shack,False,0.95,0.6492307692307693,0.050000000000000044,5.000000000000004,0.2500000000000002,0.7956259426847662,0.2500000000000002,0.7956259426847662,0.5228129713423832,0.5228129713423832,Medium,Medium
Wonka Bar - Milk Chocolate,Atlantic,Same Day,The Other Factory,30,153,497.25,322.83000000000004,174.41999999999996,1.0,The Other Factory,False,1.05,0.6622153846153847,-0.050000000000000044,-5.000000000000004,-0.2500000000000002,0.8115384615384615,0.0,0.8115384615384615,0.40576923076923077,0.40576923076923077,Low,High
Wonka Bar - Milk Chocolate,Atlantic,Same Day,Wicked Choccy's,30,153,497.25,322.83000000000004,174.41999999999996,1.0,Wicked Choccy's,False,0.85,0.6297538461538462,0.15000000000000002,15.000000000000002,0.7500000000000001,0.7717571644042233,0.7500000000000001,0.7717571644042233,0.7608785822021117,0.7608785822021117,High,Low
Wonka Bar - Milk Chocolate,Atlantic,Second Class,Lot's O' Nuts,86,372,1209.0,784.92,424.0800000000001,3.0,Lot's O' Nuts,False,2.7,0.6362461538461538,0.2999999999999998,9.999999999999993,0.49999999999999967,0.7797134238310708,0.49999999999999967,0.7797134238310708,0.6398567119155352,0.6398567119155352,Medium,Medium
Wonka Bar - Milk Chocolate,Atlantic,Second Class,Secret Factory,86,372,1209.0,784.92,424.0800000000001,3.0,Secret Factory,False,2.4000000000000004,0.6232615384615384,0.5999999999999996,19.999999999999986,0.9999999999999993,0.7638009049773755,0.9999999999999993,0.7638009049773755,0.8819004524886874,0.8819004524886874,High,Low
Wonka Bar - Milk Chocolate,Atlantic,Second Class,Sugar Shack,86,372,1209.0,784.92,424.0800000000001,3.0,Sugar Shack,False,2.8499999999999996,0.6492307692307692,0.15000000000000036,5.000000000000012,0.2500000000000006,0.795625942684766,0.2500000000000006,0.795625942684766,0.5228129713423834,0.5228129713423834,Medium,Medium
Wonka Bar - Milk Chocolate,Atlantic,Second Class,The Other Factory,86,372,1209.0,784.92,424.0800000000001,3.0,The Other Factory,False,3.1500000000000004,0.6622153846153845,-0.15000000000000036,-5.000000000000012,-0.2500000000000006,0.8115384615384614,0.0,0.8115384615384614,0.4057692307692307,0.4057692307692307,Low,High
Wonka Bar - Milk Chocolate,Atlantic,Second Class,Wicked Choccy's,86,372,1209.0,784.92,424.0800000000001,3.0,Wicked Choccy's,False,2.55,0.6297538461538461,0.4500000000000002,15.000000000000005,0.7500000000000002,0.7717571644042232,0.7500000000000002,0.7717571644042232,0.7608785822021117,0.7608785822021117,High,Low
Wonka Bar - Milk Chocolate,Atlantic,Standard Class,Lot's O' Nuts,329,1550,5037.5,3270.5,1767.0000000000002,5.0,Lot's O' Nuts,False,4.5,0.6362461538461539,0.5,10.0,0.5,0.7797134238310709,0.5,0.7797134238310709,0.6398567119155354,0.6398567119155354,Medium,Medium
Wonka Bar - Milk Chocolate,Atlantic,Standard Class,Secret Factory,329,1550,5037.5,3270.5,1767.0000000000002,5.0,Secret Factory,False,4.0,0.6232615384615385,1.0,20.0,1.0,0.7638009049773756,1.0,0.7638009049773756,0.8819004524886878,0.8819004524886878,High,Low
Wonka Bar - Milk Chocolate,Atlantic,Standard Class,Sugar Shack,329,1550,5037.5,3270.5,1767.0000000000002,5.0,Sugar Shack,False,4.75,0.6492307692307693,0.25,5.0,0.25,0.7956259426847662,0.25,0.7956259426847662,0.522812971342383,0.522812971342383,Medium,Medium
Wonka Bar - Milk Chocolate,Atlantic,Standard Class,The Other Factory,329,1550,5037.5,3270.5,1767.0000000000002,5.0,The Other Factory,False,5.25,0.6622153846153847,-0.25,-5.0,-0.25,0.8115384615384615,0.0,0.8115384615384615,0.40576923076923077,0.40576923076923077,Low,High
Wonka Bar - Milk Chocolate,Atlantic,Standard Class,Wicked Choccy's,329,1550,5037.5,3270.5,1767.0000000000002,5.0,Wicked Choccy's,False,4.25,0.6297538461538462,0.75,15.0,0.75,0.7717571644042233,0.75,0.7717571644042233,0.7608785822021116,0.7608785822021116,High,Low
Wonka Bar - Milk Chocolate,Gulf,First Class,Lot's O' Nuts,51,188,611.0,396.67999999999995,214.32,2.0,Lot's O' Nuts,False,1.8,0.6362461538461538,0.19999999999999996,9.999999999999998,0.4999999999999999,0.7797134238310708,0.4999999999999999,0.7797134238310708,0.6398567119155354,0.6398567119155354,Medium,Medium
Wonka Bar - Milk Chocolate,Gulf,First Class,Secret Factory,51,188,611.0,396.67999999999995,214.32,2.0,Secret Factory,False,1.6,0.6232615384615384,0.3999999999999999,19.999999999999996,0.9999999999999998,0.7638009049773755,0.9999999999999998,0.7638009049773755,0.8819004524886876,0.8819004524886876,High,Low
Wonka Bar - Milk Chocolate,Gulf,First Class,Sugar Shack,51,188,611.0,396.67999999999995,214.32,2.0,Sugar Shack,False,1.9,0.6492307692307692,0.10000000000000009,5.000000000000004,0.2500000000000002,0.795625942684766,0.2500000000000002,0.795625942684766,0.5228129713423831,0.5228129713423831,Medium,Medium
Wonka Bar - Milk Chocolate,Gulf,First Class,The Other Factory,51,188,611.0,396.67999999999995,214.32,2.0,The Other Factory,False,2.1,0.6622153846153845,-0.10000000000000009,-5.000000000000004,-0.2500000000000002,0.8115384615384614,0.0,0.8115384615384614,0.4057692307692307,0.4057692307692307,Low,High
Wonka Bar - Milk Chocolate,Gulf,First Class,Wicked Choccy's,51,188,611.0,396.67999999999995,214.32,2.0,Wicked Choccy's,False,1.7,0.6297538461538461,0.30000000000000004,15.000000000000002,0.7500000000000001,0.7717571644042232,0.7500000000000001,0.7717571644042232,0.7608785822021116,0.7608785822021116,High,Low
Wonka Bar - Milk Chocolate,Gulf,Same Day,Lot's O' Nuts,14,66,214.5,139.26000000000002,75.24000000000001,1.0,Lot's O' Nuts,False,0.9,0.6362461538461539,0.09999999999999998,9.999999999999998,0.4999999999999999,0.7797134238310709,0.4999999999999999,0.7797134238310709,0.6398567119155354,0.6398567119155354,Medium,Medium
Wonka Bar - Milk Chocolate,Gulf,Same Day,Secret Factory,14,66,214.5,139.26000000000002,75.24000000000001,1.0,Secret Factory,False,0.8,0.6232615384615385,0.19999999999999996,19.999999999999996,0.9999999999999998,0.7638009049773756,0.9999999999999998,0.7638009049773756,0.8819004524886878,0.8819004524886878,High,Low
Wonka Bar - Milk Chocolate,Gulf,Same Day,Sugar Shack,14,66,214.5,139.26000000000002,75.24000000000001,1.0,Sugar Shack,False,0.95,0.6492307692307693,0.050000000000000044,5.000000000000004,0.2500000000000002,0.7956259426847662,0.2500000000000002,0.7956259426847662,0.5228129713423832,0.5228129713423832,Medium,Medium
Wonka Bar - Milk Chocolate,Gulf,Same Day,The Other Factory,14,66,214.5,139.26000000000002,75.24000000000001,1.0,The Other Factory,False,1.05,0.6622153846153847,-0.050000000000000044,-5.000000000000004,-0.2500000000000002,0.8115384615384615,0.0,0.8115384615384615,0.40576923076923077,0.40576923076923077,Low,High
Wonka Bar - Milk Chocolate,Gulf,Same Day,Wicked Choccy's,14,66,214.5,139.26000000000002,75.24000000000001,1.0,Wicked Choccy's,False,0.85,0.6297538461538462,0.15000000000000002,15.000000000000002,0.7500000000000001,0.7717571644042233,0.7500000000000001,0.7717571644042233,0.7608785822021117,0.7608785822021117,High,Low
Wonka Bar - Milk Chocolate,Gulf,Second Class,Lot's O' Nuts,59,320,1040.0,675.2,364.79999999999995,3.0,Lot's O' Nuts,False,2.7,0.6362461538461539,0.2999999999999998,9.999999999999993,0.49999999999999967,0.7797134238310709,0.49999999999999967,0.7797134238310709,0.6398567119155353,0.6398567119155353,Medium,Medium
Wonka Bar - Milk Chocolate,Gulf,Second Class,Secret Factory,59,320,1040.0,675.2,364.79999999999995,3.0,Secret Factory,False,2.4000000000000004,0.6232615384615385,0.5999999999999996,19.999999999999986,0.9999999999999993,0.7638009049773756,0.9999999999999993,0.7638009049773756,0.8819004524886875,0.8819004524886875,High,Low
Wonka Bar - Milk Chocolate,Gulf,Second Class,Sugar Shack,59,320,1040.0,675.2,364.79999999999995,3.0,Sugar Shack,False,2.8499999999999996,0.6492307692307693,0.15000000000000036,5.000000000000012,0.2500000000000006,0.7956259426847662,0.2500000000000006,0.7956259426847662,0.5228129713423834,0.5228129713423834,Medium,Medium
Wonka Bar - Milk Chocolate,Gulf,Second Class,The Other Factory,59,320,1040.0,675.2,364.79999999999995,3.0,The Other Factory,False,3.1500000000000004,0.6622153846153847,-0.15000000000000036,-5.000000000000012,-0.2500000000000006,0.8115384615384615,0.0,0.8115384615384615,0.40576923076923077,0.40576923076923077,Low,High
Wonka Bar - Milk Chocolate,Gulf,Second Class,Wicked Choccy's,59,320,1040.0,675.2,364.79999999999995,3.0,Wicked Choccy's,False,2.55,0.6297538461538462,0.4500000000000002,15.000000000000005,0.7500000000000002,0.7717571644042233,0.7500000000000002,0.7717571644042233,0.7608785822021118,0.7608785822021118,High,Low
Wonka Bar - Milk Chocolate,Gulf,Standard Class,Lot's O' Nuts,157,782,2541.5,1650.0199999999998,891.48,5.0,Lot's O' Nuts,False,4.5,0.6362461538461538,0.5,10.0,0.5,0.7797134238310708,0.5,0.7797134238310708,0.6398567119155354,0.6398567119155354,Medium,Medium
Wonka Bar - Milk Chocolate,Gulf,Standard Class,Secret Factory,157,782,2541.5,1650.0199999999998,891.48,5.0,Secret Factory,False,4.0,0.6232615384615384,1.0,20.0,1.0,0.7638009049773755,1.0,0.7638009049773755,0.8819004524886878,0.8819004524886878,High,Low
Wonka Bar - Milk Chocolate,Gulf,Standard Class,Sugar Shack,157,782,2541.5,1650.0199999999998,891.48,5.0,Sugar Shack,False,4.75,0.6492307692307692,0.25,5.0,0.25,0.795625942684766,0.25,0.795625942684766,0.522812971342383,0.522812971342383,Medium,Medium
Wonka Bar - Milk Chocolate,Gulf,Standard Class,The Other Factory,157,782,2541.5,1650.0199999999998,891.48,5.0,The Other Factory,False,5.25,0.6622153846153845,-0.25,-5.0,-0.25,0.8115384615384614,0.0,0.8115384615384614,0.4057692307692307,0.4057692307692307,Low,High
Wonka Bar - Milk Chocolate,Gulf,Standard Class,Wicked Choccy's,157,782,2541.5,1650.0199999999998,891.48,5.0,Wicked Choccy's,False,4.25,0.6297538461538461,0.75,15.0,0.75,0.7717571644042232,0.75,0.7717571644042232,0.7608785822021116,0.7608785822021116,High,Low
Wonka Bar - Milk Chocolate,Interior,First Class,Lot's O' Nuts,67,261,848.25,550.71,297.54,2.0,Lot's O' Nuts,False,1.8,0.6362461538461539,0.19999999999999996,9.999999999999998,0.4999999999999999,0.7797134238310709,0.4999999999999999,0.7797134238310709,0.6398567119155354,0.6398567119155354,Medium,Medium
Wonka Bar - Milk Chocolate,Interior,First Class,Secret Factory,67,261,848.25,550.71,297.54,2.0,Secret Factory,False,1.6,0.6232615384615385,0.3999999999999999,19.999999999999996,0.9999999999999998,0.7638009049773756,0.9999999999999998,0.7638009049773756,0.8819004524886878,0.8819004524886878,High,Low
Wonka Bar - Milk Chocolate,Interior,First Class,Sugar Shack,67,261,848.25,550.71,297.54,2.0,Sugar Shack,False,1.9,0.6492307692307693,0.10000000000000009,5.000000000000004,0.2500000000000002,0.7956259426847662,0.2500000000000002,0.7956259426847662,0.5228129713423832,0.5228129713423832,Medium,Medium
Wonka Bar - Milk Chocolate,Interior,First Class,The Other Factory,67,261,848.25,550.71,297.54,2.0,The Other Factory,False,2.1,0.6622153846153847,-0.10000000000000009,-5.000000000000004,-0.2500000000000002,0.8115384615384615,0.0,0.8115384615384615,0.40576923076923077,0.40576923076923077,Low,High
Wonka Bar - Milk Chocolate,Interior,First Class,Wicked Choccy's,67,261,848.25,550.71,297.54,2.0,Wicked Choccy's,False,1.7,0.6297538461538462,0.30000000000000004,15.000000000000002,0.7500000000000001,0.7717571644042233,0.7500000000000001,0.7717571644042233,0.7608785822021117,0.7608785822021117,High,Low
Wonka Bar - Milk Chocolate,Interior,Same Day,Lot's O' Nuts,21,78,253.5,164.57999999999998,88.91999999999999,1.0,Lot's O' Nuts,False,0.9,0.6362461538461538,0.09999999999999998,9.999999999999998,0.4999999999999999,0.7797134238310708,0.4999999999999999,0.7797134238310708,0.6398567119155354,0.6398567119155354,Medium,Medium
Wonka Bar - Milk Chocolate,Interior,Same Day,Secret Factory,21,78,253.5,164.57999999999998,88.91999999999999,1.0,Secret Factory,False,0.8,0.6232615384615384,0.19999999999999996,19.999999999999996,0.9999999999999998,0.7638009049773755,0.9999999999999998,0.7638009049773755,0.8819004524886876,0.8819004524886876,High,Low
Wonka Bar - Milk Chocolate,Interior,Same Day,Sugar Shack,21,78,253.5,164.57999999999998,88.91999999999999,1.0,Sugar Shack,False,0.95,0.6492307692307692,0.050000000000000044,5.000000000000004,0.2500000000000002,0.795625942684766,0.2500000000000002,0.795625942684766,0.5228129713423831,0.5228129713423831,Medium,Medium
Wonka Bar - Milk Chocolate,Interior,Same Day,The Other Factory,21,78,253.5,164.57999999999998,88.91999999999999,1.0,The Other Factory,False,1.05,0.6622153846153845,-0.050000000000000044,-5.000000000000004,-0.2500000000000002,0.8115384615384614,0.0,0.8115384615384614,0.4057692307692307,0.4057692307692307,Low,High
Wonka Bar - Milk Chocolate,Interior,Same Day,Wicked Choccy's,21,78,253.5,164.57999999999998,88.91999999999999,1.0,Wicked Choccy's,False,0.85,0.6297538461538461,0.15000000000000002,15.000000000000002,0.7500000000000001,0.7717571644042232,0.7500000000000001,0.7717571644042232,0.7608785822021116,0.7608785822021116,High,Low
Wonka Bar - Milk Chocolate,Interior,Second Class,Lot's O' Nuts,79,379,1231.75,799.6899999999998,432.06000000000006,3.0,Lot's O' Nuts,False,2.7,0.6362461538461537,0.2999999999999998,9.999999999999993,0.49999999999999967,0.7797134238310707,0.49999999999999967,0.7797134238310707,0.6398567119155352,0.6398567119155352,Medium,Medium
Wonka Bar - Milk Chocolate,Interior,Second Class,Secret Factory,79,379,1231.75,799.6899999999998,432.06000000000006,3.0,Secret Factory,False,2.4000000000000004,0.6232615384615383,0.5999999999999996,19.999999999999986,0.9999999999999993,0.7638009049773753,0.9999999999999993,0.7638009049773753,0.8819004524886873,0.8819004524886873,High,Low
Wonka Bar - Milk Chocolate,Interior,Second Class,Sugar Shack,79,379,1231.75,799.6899999999998,432.06000000000006,3.0,Sugar Shack,False,2.8499999999999996,0.6492307692307691,0.15000000000000036,5.000000000000012,0.2500000000000006,0.7956259426847659,0.2500000000000006,0.7956259426847659,0.5228129713423832,0.5228129713423832,Medium,Medium
Wonka Bar - Milk Chocolate,Interior,Second Class,The Other Factory,79,379,1231.75,799.6899999999998,432.06000000000006,3.0,The Other Factory,False,3.1500000000000004,0.6622153846153844,-0.15000000000000036,-5.000000000000012,-0.2500000000000006,0.8115384615384612,0.0,0.8115384615384612,0.4057692307692306,0.4057692307692306,Low,High
Wonka Bar - Milk Chocolate,Interior,Second Class,Wicked Choccy's,79,379,1231.75,799.6899999999998,432.06000000000006,3.0,Wicked Choccy's,False,2.55,0.629753846153846,0.4500000000000002,15.000000000000005,0.7500000000000002,0.7717571644042229,0.7500000000000002,0.7717571644042229,0.7608785822021116,0.7608785822021116,High,Low
Wonka Bar - Milk Chocolate,Interior,Standard Class,Lot's O' Nuts,258,1151,3740.75,2428.6099999999997,1312.1399999999999,5.0,Lot's O' Nuts,False,4.5,0.6362461538461538,0.5,10.0,0.5,0.7797134238310708,0.5,0.7797134238310708,0.6398567119155354,0.6398567119155354,Medium,Medium
Wonka Bar - Milk Chocolate,Interior,Standard Class,Secret Factory,258,1151,3740.75,2428.6099999999997,1312.1399999999999,5.0,Secret Factory,False,4.0,0.6232615384615384,1.0,20.0,1.0,0.7638009049773755,1.0,0.7638009049773755,0.8819004524886878,0.8819004524886878,High,Low
Wonka Bar - Milk Chocolate,Interior,Standard Class,Sugar Shack,258,1151,3740.75,2428.6099999999997,1312.1399999999999,5.0,Sugar Shack,False,4.75,0.6492307692307692,0.25,5.0,0.25,0.795625942684766,0.25,0.795625942684766,0.522812971342383,0.522812971342383,Medium,Medium
Wonka Bar - Milk Chocolate,Interior,Standard Class,The Other Factory,258,1151,3740.75,2428.6099999999997,1312.1399999999999,5.0,The Other Factory,False,5.25,0.6622153846153845,-0.25,-5.0,-0.25,0.8115384615384614,0.0,0.8115384615384614,0.4057692307692307,0.4057692307692307,Low,High
Wonka Bar - Milk Chocolate,Interior,Standard Class,Wicked Choccy's,258,1151,3740.75,2428.6099999999997,1312.1399999999999,5.0,Wicked Choccy's,False,4.25,0.6297538461538461,0.75,15.0,0.75,0.7717571644042232,0.75,0.7717571644042232,0.7608785822021116,0.7608785822021116,High,Low
Wonka Bar - Milk Chocolate,Pacific,First Class,Lot's O' Nuts,78,375,1218.75,791.2499999999999,427.49999999999994,2.0,Lot's O' Nuts,False,1.8,0.6362461538461538,0.19999999999999996,9.999999999999998,0.4999999999999999,0.7797134238310708,0.4999999999999999,0.7797134238310708,0.6398567119155354,0.6398567119155354,Medium,Medium
Wonka Bar - Milk Chocolate,Pacific,First Class,Secret Factory,78,375,1218.75,791.2499999999999,427.49999999999994,2.0,Secret Factory,False,1.6,0.6232615384615384,0.3999999999999999,19.999999999999996,0.9999999999999998,0.7638009049773755,0.9999999999999998,0.7638009049773755,0.8819004524886876,0.8819004524886876,High,Low
Wonka Bar - Milk Chocolate,Pacific,First Class,Sugar Shack,78,375,1218.75,791.2499999999999,427.49999999999994,2.0,Sugar Shack,False,1.9,0.6492307692307692,0.10000000000000009,5.000000000000004,0.2500000000000002,0.795625942684766,0.2500000000000002,0.795625942684766,0.5228129713423831,0.5228129713423831,Medium,Medium
Wonka Bar - Milk Chocolate,Pacific,First Class,The Other Factory,78,375,1218.75,791.2499999999999,427.49999999999994,2.0,The Other Factory,False,2.1,0.6622153846153845,-0.10000000000000009,-5.000000000000004,-0.2500000000000002,0.8115384615384614,0.0,0.8115384615384614,0.4057692307692307,0.4057692307692307,Low,High
Wonka Bar - Milk Chocolate,Pacific,First Class,Wicked Choccy's,78,375,1218.75,791.2499999999999,427.49999999999994,2.0,Wicked Choccy's,False,1.7,0.6297538461538461,0.30000000000000004,15.000000000000002,0.7500000000000001,0.7717571644042232,0.7500000000000001,0.7717571644042232,0.7608785822021116,0.7608785822021116,High,Low
Wonka Bar - Milk Chocolate,Pacific,Same Day,Lot's O' Nuts,25,109,354.25,229.99000000000004,124.26,1.0,Lot's O' Nuts,False,0.9,0.636246153846154,0.09999999999999998,9.999999999999998,0.4999999999999999,0.779713423831071,0.4999999999999999,0.779713423831071,0.6398567119155354,0.6398567119155354,Medium,Medium
Wonka Bar - Milk Chocolate,Pacific,Same Day,Secret Factory,25,109,354.25,229.99000000000004,124.26,1.0,Secret Factory,False,0.8,0.6232615384615386,0.19999999999999996,19.999999999999996,0.9999999999999998,0.7638009049773757,0.9999999999999998,0.7638009049773757,0.8819004524886878,0.8819004524886878,High,Low
Wonka Bar - Milk Chocolate,Pacific,Same Day,Sugar Shack,25,109,354.25,229.99000000000004,124.26,1.0,Sugar Shack,False,0.95,0.6492307692307694,0.050000000000000044,5.000000000000004,0.2500000000000002,0.7956259426847664,0.2500000000000002,0.7956259426847664,0.5228129713423832,0.5228129713423832,Medium,Medium
Wonka Bar - Milk Chocolate,Pacific,Same Day,The Other Factory,25,109,354.25,229.99000000000004,124.26,1.0,The Other Factory,False,1.05,0.6622153846153848,-0.050000000000000044,-5.000000000000004,-0.2500000000000002,0.8115384615384617,0.0,0.8115384615384617,0.4057692307692308,0.4057692307692308,Low,High
Wonka Bar - Milk Chocolate,Pacific,Same Day,Wicked Choccy's,25,109,354.25,229.99000000000004,124.26,1.0,Wicked Choccy's,False,0.85,0.6297538461538463,0.15000000000000002,15.000000000000002,0.7500000000000001,0.7717571644042234,0.7500000000000001,0.7717571644042234,0.7608785822021118,0.7608785822021118,High,Low
Wonka Bar - Milk Chocolate,Pacific,Second Class,Lot's O' Nuts,108,549,1784.25,1158.39,625.8599999999999,3.0,Lot's O' Nuts,False,2.7,0.6362461538461539,0.2999999999999998,9.999999999999993,0.49999999999999967,0.7797134238310709,0.49999999999999967,0.7797134238310709,0.6398567119155353,0.6398567119155353,Medium,Medium
Wonka Bar - Milk Chocolate,Pacific,Second Class,Secret Factory,108,549,1784.25,1158.39,625.8599999999999,3.0,Secret Factory,False,2.4000000000000004,0.6232615384615385,0.5999999999999996,19.999999999999986,0.9999999999999993,0.7638009049773756,0.9999999999999993,0.7638009049773756,0.8819004524886875,0.8819004524886875,High,Low
Wonka Bar - Milk Chocolate,Pacific,Second Class,Sugar Shack,108,549,1784.25,1158.39,625.8599999999999,3.0,Sugar Shack,False,2.8499999999999996,0.6492307692307693,0.15000000000000036,5.000000000000012,0.2500000000000006,0.7956259426847662,0.2500000000000006,0.7956259426847662,0.5228129713423834,0.5228129713423834,Medium,Medium
Wonka Bar - Milk Chocolate,Pacific,Second Class,The Other Factory,108,549,1784.25,1158.39,625.8599999999999,3.0,The Other Factory,False,3.1500000000000004,0.6622153846153847,-0.15000000000000036,-5.000000000000012,-0.2500000000000006,0.8115384615384615,0.0,0.8115384615384615,0.40576923076923077,0.40576923076923077,Low,High
Wonka Bar - Milk Chocolate,Pacific,Second Class,Wicked Choccy's,108,549,1784.25,1158.39,625.8599999999999,3.0,Wicked Choccy's,False,2.55,0.6297538461538462,0.4500000000000002,15.000000000000005,0.7500000000000002,0.7717571644042233,0.7500000000000002,0.7717571644042233,0.7608785822021118,0.7608785822021118,High,Low
Wonka Bar - Milk Chocolate,Pacific,Standard Class,Lot's O' Nuts,341,1673,5437.25,3530.0299999999993,1907.22,5.0,Lot's O' Nuts,False,4.5,0.6362461538461537,0.5,10.0,0.5,0.7797134238310707,0.5,0.7797134238310707,0.6398567119155354,0.6398567119155354,Medium,Medium
Wonka Bar - Milk Chocolate,Pacific,Standard Class,Secret Factory,341,1673,5437.25,3530.0299999999993,1907.22,5.0,Secret Factory,False,4.0,0.6232615384615383,1.0,20.0,1.0,0.7638009049773753,1.0,0.7638009049773753,0.8819004524886876,0.8819004524886876,High,Low
Wonka Bar - Milk Chocolate,Pacific,Standard Class,Sugar Shack,341,1673,5437.25,3530.0299999999993,1907.22,5.0,Sugar Shack,False,4.75,0.6492307692307691,0.25,5.0,0.25,0.7956259426847659,0.25,0.7956259426847659,0.522812971342383,0.522812971342383,Medium,Medium
Wonka Bar - Milk Chocolate,Pacific,Standard Class,The Other Factory,341,1673,5437.25,3530.0299999999993,1907.22,5.0,The Other Factory,False,5.25,0.6622153846153844,-0.25,-5.0,-0.25,0.8115384615384612,0.0,0.8115384615384612,0.4057692307692306,0.4057692307692306,Low,High
Wonka Bar - Milk Chocolate,Pacific,Standard Class,Wicked Choccy's,341,1673,5437.25,3530.0299999999993,1907.22,5.0,Wicked Choccy's,False,4.25,0.629753846153846,0.75,15.0,0.75,0.7717571644042229,0.75,0.7717571644042229,0.7608785822021115,0.7608785822021115,High,Low
Wonka Bar - Nutty Crunch Surprise,Atlantic,First Class,Lot's O' Nuts,65,345,1204.0500000000002,859.0500000000001,345.0,2.0,Lot's O' Nuts,False,1.8,0.6991977077363896,0.19999999999999996,9.999999999999998,0.4999999999999999,0.8568599359514577,0.4999999999999999,0.8568599359514577,0.6784299679757289,0.6784299679757289,Medium,Medium
Wonka Bar - Nutty Crunch Surprise,Atlantic,First Class,Secret Factory,65,345,1204.0500000000002,859.0500000000001,345.0,2.0,Secret Factory,False,1.6,0.6849283667621775,0.3999999999999999,19.999999999999996,0.9999999999999998,0.8393729984830606,0.9999999999999998,0.8393729984830606,0.9196864992415301,0.9196864992415301,High,Low
Wonka Bar - Nutty Crunch Surprise,Atlantic,First Class,Sugar Shack,65,345,1204.0500000000002,859.0500000000001,345.0,2.0,Sugar Shack,False,1.9,0.7134670487106016,0.10000000000000009,5.000000000000004,0.2500000000000002,0.8743468734198548,0.2500000000000002,0.8743468734198548,0.5621734367099276,0.5621734367099276,Medium,Medium
Wonka Bar - Nutty Crunch Surprise,Atlantic,First Class,The Other Factory,65,345,1204.0500000000002,859.0500000000001,345.0,2.0,The Other Factory,False,2.1,0.7277363896848137,-0.10000000000000009,-5.000000000000004,-0.2500000000000002,0.891833810888252,0.0,0.891833810888252,0.445916905444126,0.445916905444126,Low,High
Wonka Bar - Nutty Crunch Surprise,Atlantic,First Class,Wicked Choccy's,65,345,1204.0500000000002,859.0500000000001,345.0,2.0,Wicked Choccy's,False,1.7,0.6920630372492835,0.30000000000000004,15.000000000000002,0.7500000000000001,0.8481164672172592,0.7500000000000001,0.8481164672172592,0.7990582336086296,0.7990582336086296,High,Low
Wonka Bar - Nutty Crunch Surprise,Atlantic,Same Day,Lot's O' Nuts,23,109,380.41,271.41,109.0,1.0,Lot's O' Nuts,False,0.9,0.6991977077363897,0.09999999999999998,9.999999999999998,0.4999999999999999,0.8568599359514578,0.4999999999999999,0.8568599359514578,0.6784299679757289,0.6784299679757289,Medium,Medium
Wonka Bar - Nutty Crunch Surprise,Atlantic,Same Day,Secret Factory,23,109,380.41,271.41,109.0,1.0,Secret Factory,False,0.8,0.6849283667621776,0.19999999999999996,19.999999999999996,0.9999999999999998,0.8393729984830607,0.9999999999999998,0.8393729984830607,0.9196864992415302,0.9196864992415302,High,Low
Wonka Bar - Nutty Crunch Surprise,Atlantic,Same Day,Sugar Shack,23,109,380.41,271.41,109.0,1.0,Sugar Shack,False,0.95,0.7134670487106017,0.050000000000000044,5.000000000000004,0.2500000000000002,0.874346873419855,0.2500000000000002,0.874346873419855,0.5621734367099276,0.5621734367099276,Medium,Medium
Wonka Bar - Nutty Crunch Surprise,Atlantic,Same Day,The Other Factory,23,109,380.41,271.41,109.0,1.0,The Other Factory,False,1.05,0.7277363896848138,-0.050000000000000044,-5.000000000000004,-0.2500000000000002,0.8918338108882521,0.0,0.8918338108882521,0.44591690544412604,0.44591690544412604,Low,High
Wonka Bar - Nutty Crunch Surprise,Atlantic,Same Day,Wicked Choccy's,23,109,380.41,271.41,109.0,1.0,Wicked Choccy's,False,0.85,0.6920630372492836,0.15000000000000002,15.000000000000002,0.7500000000000001,0.8481164672172593,0.7500000000000001,0.8481164672172593,0.7990582336086297,0.7990582336086297,High,Low
Wonka Bar - Nutty Crunch Surprise,Atlantic,Second Class,Lot's O' Nuts,79,355,1238.9500000000003,883.9500000000002,355.0,3.0,Lot's O' Nuts,False,2.7,0.6991977077363897,0.2999999999999998,9.999999999999993,0.49999999999999967,0.8568599359514578,0.49999999999999967,0.8568599359514578,0.6784299679757287,0.6784299679757287,Medium,Medium
Wonka Bar - Nutty Crunch Surprise,Atlantic,Second Class,Secret Factory,79,355,1238.9500000000003,883.9500000000002,355.0,3.0,Secret Factory,False,2.4000000000000004,0.6849283667621776,0.5999999999999996,19.999999999999986,0.9999999999999993,0.8393729984830607,0.9999999999999993,0.8393729984830607,0.91968649924153,0.91968649924153,High,Low
Wonka Bar - Nutty Crunch Surprise,Atlantic,Second Class,Sugar Shack,79,355,1238.9500000000003,883.9500000000002,355.0,3.0,Sugar Shack,False,2.8499999999999996,0.7134670487106017,0.15000000000000036,5.000000000000012,0.2500000000000006,0.874346873419855,0.2500000000000006,0.874346873419855,0.5621734367099278,0.5621734367099278,Medium,Medium
Wonka Bar - Nutty Crunch Surprise,Atlantic,Second Class,The Other Factory,79,355,1238.9500000000003,883.9500000000002,355.0,3.0,The Other Factory,False,3.1500000000000004,0.7277363896848138,-0.15000000000000036,-5.000000000000012,-0.2500000000000006,0.8918338108882521,0.0,0.8918338108882521,0.44591690544412604,0.44591690544412604,Low,High
Wonka Bar - Nutty Crunch Surprise,Atlantic,Second Class,Wicked Choccy's,79,355,1238.9500000000003,883.9500000000002,355.0,3.0,Wicked Choccy's,False,2.55,0.6920630372492836,0.4500000000000002,15.000000000000005,0.7500000000000002,0.8481164672172593,0.7500000000000002,0.8481164672172593,0.7990582336086298,0.7990582336086298,High,Low
Wonka Bar - Nutty Crunch Surprise,Atlantic,Standard Class,Lot's O' Nuts,243,1048,3657.5200000000004,2609.5200000000004,1048.0,5.0,Lot's O' Nuts,False,4.5,0.6991977077363897,0.5,10.0,0.5,0.8568599359514578,0.5,0.8568599359514578,0.6784299679757289,0.6784299679757289,Medium,Medium
Wonka Bar - Nutty Crunch Surprise,Atlantic,Standard Class,Secret Factory,243,1048,3657.5200000000004,2609.5200000000004,1048.0,5.0,Secret Factory,False,4.0,0.6849283667621776,1.0,20.0,1.0,0.8393729984830607,1.0,0.8393729984830607,0.9196864992415303,0.9196864992415303,High,Low
Wonka Bar - Nutty Crunch Surprise,Atlantic,Standard Class,Sugar Shack,243,1048,3657.5200000000004,2609.5200000000004,1048.0,5.0,Sugar Shack,False,4.75,0.7134670487106017,0.25,5.0,0.25,0.874346873419855,0.25,0.874346873419855,0.5621734367099275,0.5621734367099275,Medium,Medium
Wonka Bar - Nutty Crunch Surprise,Atlantic,Standard Class,The Other Factory,243,1048,3657.5200000000004,2609.5200000000004,1048.0,5.0,The Other Factory,False,5.25,0.7277363896848138,-0.25,-5.0,-0.25,0.8918338108882521,0.0,0.8918338108882521,0.44591690544412604,0.44591690544412604,Low,High
Wonka Bar - Nutty Crunch Surprise,Atlantic,Standard Class,Wicked Choccy's,243,1048,3657.5200000000004,2609.5200000000004,1048.0,5.0,Wicked Choccy's,False,4.25,0.6920630372492836,0.75,15.0,0.75,0.8481164672172593,0.75,0.8481164672172593,0.7990582336086296,0.7990582336086296,High,Low
Wonka Bar - Nutty Crunch Surprise,Gulf,First Class,Lot's O' Nuts,34,133,464.16999999999996,331.17,133.0,2.0,Lot's O' Nuts,False,1.8,0.6991977077363898,0.19999999999999996,9.999999999999998,0.4999999999999999,0.856859935951458,0.4999999999999999,0.856859935951458,0.678429967975729,0.678429967975729,Medium,Medium
Wonka Bar - Nutty Crunch Surprise,Gulf,First Class,Secret Factory,34,133,464.16999999999996,331.17,133.0,2.0,Secret Factory,False,1.6,0.6849283667621777,0.3999999999999999,19.999999999999996,0.9999999999999998,0.8393729984830609,0.9999999999999998,0.8393729984830609,0.9196864992415303,0.9196864992415303,High,Low
Wonka Bar - Nutty Crunch Surprise,Gulf,First Class,Sugar Shack,34,133,464.16999999999996,331.17,133.0,2.0,Sugar Shack,False,1.9,0.7134670487106018,0.10000000000000009,5.000000000000004,0.2500000000000002,0.8743468734198552,0.2500000000000002,0.8743468734198552,0.5621734367099277,0.5621734367099277,Medium,Medium
Wonka Bar - Nutty Crunch Surprise,Gulf,First Class,The Other Factory,34,133,464.16999999999996,331.17,133.0,2.0,The Other Factory,False,2.1,0.7277363896848139,-0.10000000000000009,-5.000000000000004,-0.2500000000000002,0.8918338108882523,0.0,0.8918338108882523,0.44591690544412615,0.44591690544412615,Low,High
Wonka Bar - Nutty Crunch Surprise,Gulf,First Class,Wicked Choccy's,34,133,464.16999999999996,331.17,133.0,2.0,Wicked Choccy's,False,1.7,0.6920630372492838,0.30000000000000004,15.000000000000002,0.7500000000000001,0.8481164672172594,0.7500000000000001,0.8481164672172594,0.7990582336086298,0.7990582336086298,High,Low
Wonka Bar - Nutty Crunch Surprise,Gulf,Same Day,Lot's O' Nuts,12,68,237.32,169.32,68.0,1.0,Lot's O' Nuts,False,0.9,0.6991977077363897,0.09999999999999998,9.999999999999998,0.4999999999999999,0.8568599359514578,0.4999999999999999,0.8568599359514578,0.6784299679757289,0.6784299679757289,Medium,Medium
Wonka Bar - Nutty Crunch Surprise,Gulf,Same Day,Secret Factory,12,68,237.32,169.32,68.0,1.0,Secret Factory,False,0.8,0.6849283667621776,0.19999999999999996,19.999999999999996,0.9999999999999998,0.8393729984830607,0.9999999999999998,0.8393729984830607,0.9196864992415302,0.9196864992415302,High,Low
Wonka Bar - Nutty Crunch Surprise,Gulf,Same Day,Sugar Shack,12,68,237.32,169.32,68.0,1.0,Sugar Shack,False,0.95,0.7134670487106017,0.050000000000000044,5.000000000000004,0.2500000000000002,0.874346873419855,0.2500000000000002,0.874346873419855,0.5621734367099276,0.5621734367099276,Medium,Medium
Wonka Bar - Nutty Crunch Surprise,Gulf,Same Day,The Other Factory,12,68,237.32,169.32,68.0,1.0,The Other Factory,False,1.05,0.7277363896848138,-0.050000000000000044,-5.000000000000004,-0.2500000000000002,0.8918338108882521,0.0,0.8918338108882521,0.44591690544412604,0.44591690544412604,Low,High
Wonka Bar - Nutty Crunch Surprise,Gulf,Same Day,Wicked Choccy's,12,68,237.32,169.32,68.0,1.0,Wicked Choccy's,False,0.85,0.6920630372492836,0.15000000000000002,15.000000000000002,0.7500000000000001,0.8481164672172593,0.7500000000000001,0.8481164672172593,0.7990582336086297,0.7990582336086297,High,Low
Wonka Bar - Nutty Crunch Surprise,Gulf,Second Class,Lot's O' Nuts,52,238,830.6200000000001,592.6200000000001,238.0,3.0,Lot's O' Nuts,False,2.7,0.6991977077363897,0.2999999999999998,9.999999999999993,0.49999999999999967,0.8568599359514578,0.49999999999999967,0.8568599359514578,0.6784299679757287,0.6784299679757287,Medium,Medium
Wonka Bar - Nutty Crunch Surprise,Gulf,Second Class,Secret Factory,52,238,830.6200000000001,592.6200000000001,238.0,3.0,Secret Factory,False,2.4000000000000004,0.6849283667621776,0.5999999999999996,19.999999999999986,0.9999999999999993,0.8393729984830607,0.9999999999999993,0.8393729984830607,0.91968649924153,0.91968649924153,High,Low
Wonka Bar - Nutty Crunch Surprise,Gulf,Second Class,Sugar Shack,52,238,830.6200000000001,592.6200000000001,238.0,3.0,Sugar Shack,False,2.8499999999999996,0.7134670487106017,0.15000000000000036,5.000000000000012,0.2500000000000006,0.874346873419855,0.2500000000000006,0.874346873419855,0.5621734367099278,0.5621734367099278,Medium,Medium
Wonka Bar - Nutty Crunch Surprise,Gulf,Second Class,The Other Factory,52,238,830.6200000000001,592.6200000000001,238.0,3.0,The Other Factory,False,3.1500000000000004,0.7277363896848138,-0.15000000000000036,-5.000000000000012,-0.2500000000000006,0.8918338108882521,0.0,0.8918338108882521,0.44591690544412604,0.44591690544412604,Low,High
Wonka Bar - Nutty Crunch Surprise,Gulf,Second Class,Wicked Choccy's,52,238,830.6200000000001,592.6200000000001,238.0,3.0,Wicked Choccy's,False,2.55,0.6920630372492836,0.4500000000000002,15.000000000000005,0.7500000000000002,0.8481164672172593,0.7500000000000002,0.8481164672172593,0.7990582336086298,0.7990582336086298,High,Low
Wonka Bar - Nutty Crunch Surprise,Gulf,Standard Class,Lot's O' Nuts,153,649,2265.01,1616.0100000000002,649.0,5.0,Lot's O' Nuts,False,4.5,0.6991977077363897,0.5,10.0,0.5,0.8568599359514578,0.5,0.8568599359514578,0.6784299679757289,0.6784299679757289,Medium,Medium
Wonka Bar - Nutty Crunch Surprise,Gulf,Standard Class,Secret Factory,153,649,2265.01,1616.0100000000002,649.0,5.0,Secret Factory,False,4.0,0.6849283667621776,1.0,20.0,1.0,0.8393729984830607,1.0,0.8393729984830607,0.9196864992415303,0.9196864992415303,High,Low
Wonka Bar - Nutty Crunch Surprise,Gulf,Standard Class,Sugar Shack,153,649,2265.01,1616.0100000000002,649.0,5.0,Sugar Shack,False,4.75,0.7134670487106017,0.25,5.0,0.25,0.874346873419855,0.25,0.874346873419855,0.5621734367099275,0.5621734367099275,Medium,Medium
Wonka Bar - Nutty Crunch Surprise,Gulf,Standard Class,The Other Factory,153,649,2265.01,1616.0100000000002,649.0,5.0,The Other Factory,False,5.25,0.7277363896848138,-0.25,-5.0,-0.25,0.8918338108882521,0.0,0.8918338108882521,0.44591690544412604,0.44591690544412604,Low,High
Wonka Bar - Nutty Crunch Surprise,Gulf,Standard Class,Wicked Choccy's,153,649,2265.01,1616.0100000000002,649.0,5.0,Wicked Choccy's,False,4.25,0.6920630372492836,0.75,15.0,0.75,0.8481164672172593,0.75,0.8481164672172593,0.7990582336086296,0.7990582336086296,High,Low
Wonka Bar - Nutty Crunch Surprise,Interior,First Class,Lot's O' Nuts,54,207,722.4300000000002,515.4300000000001,207.0,2.0,Lot's O' Nuts,False,1.8,0.6991977077363896,0.19999999999999996,9.999999999999998,0.4999999999999999,0.8568599359514577,0.4999999999999999,0.8568599359514577,0.6784299679757289,0.6784299679757289,Medium,Medium
Wonka Bar - Nutty Crunch Surprise,Interior,First Class,Secret Factory,54,207,722.4300000000002,515.4300000000001,207.0,2.0,Secret Factory,False,1.6,0.6849283667621775,0.3999999999999999,19.999999999999996,0.9999999999999998,0.8393729984830606,0.9999999999999998,0.8393729984830606,0.9196864992415301,0.9196864992415301,High,Low
Wonka Bar - Nutty Crunch Surprise,Interior,First Class,Sugar Shack,54,207,722.4300000000002,515.4300000000001,207.0,2.0,Sugar Shack,False,1.9,0.7134670487106016,0.10000000000000009,5.000000000000004,0.2500000000000002,0.8743468734198548,0.2500000000000002,0.8743468734198548,0.5621734367099276,0.5621734367099276,Medium,Medium
Wonka Bar - Nutty Crunch Surprise,Interior,First Class,The Other Factory,54,207,722.4300000000002,515.4300000000001,207.0,2.0,The Other Factory,False,2.1,0.7277363896848137,-0.10000000000000009,-5.000000000000004,-0.2500000000000002,0.891833810888252,0.0,0.891833810888252,0.445916905444126,0.445916905444126,Low,High
Wonka Bar - Nutty Crunch Surprise,Interior,First Class,Wicked Choccy's,54,207,722.4300000000002,515.4300000000001,207.0,2.0,Wicked Choccy's,False,1.7,0.6920630372492835,0.30000000000000004,15.000000000000002,0.7500000000000001,0.8481164672172592,0.7500000000000001,0.8481164672172592,0.7990582336086296,0.7990582336086296,High,Low
Wonka Bar - Nutty Crunch Surprise,Interior,Same Day,Lot's O' Nuts,17,76,265.24,189.23999999999998,76.0,1.0,Lot's O' Nuts,False,0.9,0.6991977077363896,0.09999999999999998,9.999999999999998,0.4999999999999999,0.8568599359514577,0.4999999999999999,0.8568599359514577,0.6784299679757289,0.6784299679757289,Medium,Medium
Wonka Bar - Nutty Crunch Surprise,Interior,Same Day,Secret Factory,17,76,265.24,189.23999999999998,76.0,1.0,Secret Factory,False,0.8,0.6849283667621775,0.19999999999999996,19.999999999999996,0.9999999999999998,0.8393729984830606,0.9999999999999998,0.8393729984830606,0.9196864992415301,0.9196864992415301,High,Low
Wonka Bar - Nutty Crunch Surprise,Interior,Same Day,Sugar Shack,17,76,265.24,189.23999999999998,76.0,1.0,Sugar Shack,False,0.95,0.7134670487106016,0.050000000000000044,5.000000000000004,0.2500000000000002,0.8743468734198548,0.2500000000000002,0.8743468734198548,0.5621734367099276,0.5621734367099276,Medium,Medium
Wonka Bar - Nutty Crunch Surprise,Interior,Same Day,The Other Factory,17,76,265.24,189.23999999999998,76.0,1.0,The Other Factory,False,1.05,0.7277363896848137,-0.050000000000000044,-5.000000000000004,-0.2500000000000002,0.891833810888252,0.0,0.891833810888252,0.445916905444126,0.445916905444126,Low,High
Wonka Bar - Nutty Crunch Surprise,Interior,Same Day,Wicked Choccy's,17,76,265.24,189.23999999999998,76.0,1.0,Wicked Choccy's,False,0.85,0.6920630372492835,0.15000000000000002,15.000000000000002,0.7500000000000001,0.8481164672172592,0.7500000000000001,0.8481164672172592,0.7990582336086296,0.7990582336086296,High,Low
Wonka Bar - Nutty Crunch Surprise,Interior,Second Class,Lot's O' Nuts,87,408,1423.92,1015.9200000000001,408.0,3.0,Lot's O' Nuts,False,2.7,0.6991977077363897,0.2999999999999998,9.999999999999993,0.49999999999999967,0.8568599359514578,0.49999999999999967,0.8568599359514578,0.6784299679757287,0.6784299679757287,Medium,Medium
Wonka Bar - Nutty Crunch Surprise,Interior,Second Class,Secret Factory,87,408,1423.92,1015.9200000000001,408.0,3.0,Secret Factory,False,2.4000000000000004,0.6849283667621776,0.5999999999999996,19.999999999999986,0.9999999999999993,0.8393729984830607,0.9999999999999993,0.8393729984830607,0.91968649924153,0.91968649924153,High,Low
Wonka Bar - Nutty Crunch Surprise,Interior,Second Class,Sugar Shack,87,408,1423.92,1015.9200000000001,408.0,3.0,Sugar Shack,False,2.8499999999999996,0.7134670487106017,0.15000000000000036,5.000000000000012,0.2500000000000006,0.874346873419855,0.2500000000000006,0.874346873419855,0.5621734367099278,0.5621734367099278,Medium,Medium
Wonka Bar - Nutty Crunch Surprise,Interior,Second Class,The Other Factory,87,408,1423.92,1015.9200000000001,408.0,3.0,The Other Factory,False,3.1500000000000004,0.7277363896848138,-0.15000000000000036,-5.000000000000012,-0.2500000000000006,0.8918338108882521,0.0,0.8918338108882521,0.44591690544412604,0.44591690544412604,Low,High
Wonka Bar - Nutty Crunch Surprise,Interior,Second Class,Wicked Choccy's,87,408,1423.92,1015.9200000000001,408.0,3.0,Wicked Choccy's,False,2.55,0.6920630372492836,0.4500000000000002,15.000000000000005,0.7500000000000002,0.8481164672172593,0.7500000000000002,0.8481164672172593,0.7990582336086298,0.7990582336086298,High,Low
Wonka Bar - Nutty Crunch Surprise,Interior,Standard Class,Lot's O' Nuts,227,1003,3500.4700000000003,2497.4700000000003,1003.0,5.0,Lot's O' Nuts,False,4.5,0.6991977077363897,0.5,10.0,0.5,0.8568599359514578,0.5,0.8568599359514578,0.6784299679757289,0.6784299679757289,Medium,Medium
Wonka Bar - Nutty Crunch Surprise,Interior,Standard Class,Secret Factory,227,1003,3500.4700000000003,2497.4700000000003,1003.0,5.0,Secret Factory,False,4.0,0.6849283667621776,1.0,20.0,1.0,0.8393729984830607,1.0,0.8393729984830607,0.9196864992415303,0.9196864992415303,High,Low
Wonka Bar - Nutty Crunch Surprise,Interior,Standard Class,Sugar Shack,227,1003,3500.4700000000003,2497.4700000000003,1003.0,5.0,Sugar Shack,False,4.75,0.7134670487106017,0.25,5.0,0.25,0.874346873419855,0.25,0.874346873419855,0.5621734367099275,0.5621734367099275,Medium,Medium
Wonka Bar - Nutty Crunch Surprise,Interior,Standard Class,The Other Factory,227,1003,3500.4700000000003,2497.4700000000003,1003.0,5.0,The Other Factory,False,5.25,0.7277363896848138,-0.25,-5.0,-0.25,0.8918338108882521,0.0,0.8918338108882521,0.44591690544412604,0.44591690544412604,Low,High
Wonka Bar - Nutty Crunch Surprise,Interior,Standard Class,Wicked Choccy's,227,1003,3500.4700000000003,2497.4700000000003,1003.0,5.0,Wicked Choccy's,False,4.25,0.6920630372492836,0.75,15.0,0.75,0.8481164672172593,0.75,0.8481164672172593,0.7990582336086296,0.7990582336086296,High,Low
Wonka Bar - Nutty Crunch Surprise,Pacific,First Class,Lot's O' Nuts,93,374,1305.26,931.26,374.0,2.0,Lot's O' Nuts,False,1.8,0.6991977077363897,0.19999999999999996,9.999999999999998,0.4999999999999999,0.8568599359514578,0.4999999999999999,0.8568599359514578,0.6784299679757289,0.6784299679757289,Medium,Medium
Wonka Bar - Nutty Crunch Surprise,Pacific,First Class,Secret Factory,93,374,1305.26,931.26,374.0,2.0,Secret Factory,False,1.6,0.6849283667621776,0.3999999999999999,19.999999999999996,0.9999999999999998,0.8393729984830607,0.9999999999999998,0.8393729984830607,0.9196864992415302,0.9196864992415302,High,Low
Wonka Bar - Nutty Crunch Surprise,Pacific,First Class,Sugar Shack,93,374,1305.26,931.26,374.0,2.0,Sugar Shack,False,1.9,0.7134670487106017,0.10000000000000009,5.000000000000004,0.2500000000000002,0.874346873419855,0.2500000000000002,0.874346873419855,0.5621734367099276,0.5621734367099276,Medium,Medium
Wonka Bar - Nutty Crunch Surprise,Pacific,First Class,The Other Factory,93,374,1305.26,931.26,374.0,2.0,The Other Factory,False,2.1,0.7277363896848138,-0.10000000000000009,-5.000000000000004,-0.2500000000000002,0.8918338108882521,0.0,0.8918338108882521,0.44591690544412604,0.44591690544412604,Low,High
Wonka Bar - Nutty Crunch Surprise,Pacific,First Class,Wicked Choccy's,93,374,1305.26,931.26,374.0,2.0,Wicked Choccy's,False,1.7,0.6920630372492836,0.30000000000000004,15.000000000000002,0.7500000000000001,0.8481164672172593,0.7500000000000001,0.8481164672172593,0.7990582336086297,0.7990582336086297,High,Low
Wonka Bar - Nutty Crunch Surprise,Pacific,Same Day,Lot's O' Nuts,25,101,352.4900000000001,251.48999999999998,101.0,1.0,Lot's O' Nuts,False,0.9,0.6991977077363893,0.09999999999999998,9.999999999999998,0.4999999999999999,0.8568599359514575,0.4999999999999999,0.8568599359514575,0.6784299679757286,0.6784299679757286,Medium,Medium
Wonka Bar - Nutty Crunch Surprise,Pacific,Same Day,Secret Factory,25,101,352.4900000000001,251.48999999999998,101.0,1.0,Secret Factory,False,0.8,0.6849283667621773,0.19999999999999996,19.999999999999996,0.9999999999999998,0.8393729984830604,0.9999999999999998,0.8393729984830604,0.9196864992415301,0.9196864992415301,High,Low
Wonka Bar - Nutty Crunch Surprise,Pacific,Same Day,Sugar Shack,25,101,352.4900000000001,251.48999999999998,101.0,1.0,Sugar Shack,False,0.95,0.7134670487106014,0.050000000000000044,5.000000000000004,0.2500000000000002,0.8743468734198546,0.2500000000000002,0.8743468734198546,0.5621734367099274,0.5621734367099274,Medium,Medium
Wonka Bar - Nutty Crunch Surprise,Pacific,Same Day,The Other Factory,25,101,352.4900000000001,251.48999999999998,101.0,1.0,The Other Factory,False,1.05,0.7277363896848135,-0.050000000000000044,-5.000000000000004,-0.2500000000000002,0.8918338108882518,0.0,0.8918338108882518,0.4459169054441259,0.4459169054441259,Low,High
Wonka Bar - Nutty Crunch Surprise,Pacific,Same Day,Wicked Choccy's,25,101,352.4900000000001,251.48999999999998,101.0,1.0,Wicked Choccy's,False,0.85,0.6920630372492833,0.15000000000000002,15.000000000000002,0.7500000000000001,0.8481164672172589,0.7500000000000001,0.8481164672172589,0.7990582336086295,0.7990582336086295,High,Low
Wonka Bar - Nutty Crunch Surprise,Pacific,Second Class,Lot's O' Nuts,81,317,1106.3300000000002,789.3300000000002,317.0,3.0,Lot's O' Nuts,False,2.7,0.6991977077363897,0.2999999999999998,9.999999999999993,0.49999999999999967,0.8568599359514578,0.49999999999999967,0.8568599359514578,0.6784299679757287,0.6784299679757287,Medium,Medium
Wonka Bar - Nutty Crunch Surprise,Pacific,Second Class,Secret Factory,81,317,1106.3300000000002,789.3300000000002,317.0,3.0,Secret Factory,False,2.4000000000000004,0.6849283667621776,0.5999999999999996,19.999999999999986,0.9999999999999993,0.8393729984830607,0.9999999999999993,0.8393729984830607,0.91968649924153,0.91968649924153,High,Low
Wonka Bar - Nutty Crunch Surprise,Pacific,Second Class,Sugar Shack,81,317,1106.3300000000002,789.3300000000002,317.0,3.0,Sugar Shack,False,2.8499999999999996,0.7134670487106017,0.15000000000000036,5.000000000000012,0.2500000000000006,0.874346873419855,0.2500000000000006,0.874346873419855,0.5621734367099278,0.5621734367099278,Medium,Medium
Wonka Bar - Nutty Crunch Surprise,Pacific,Second Class,The Other Factory,81,317,1106.3300000000002,789.3300000000002,317.0,3.0,The Other Factory,False,3.1500000000000004,0.7277363896848138,-0.15000000000000036,-5.000000000000012,-0.2500000000000006,0.8918338108882521,0.0,0.8918338108882521,0.44591690544412604,0.44591690544412604,Low,High
Wonka Bar - Nutty Crunch Surprise,Pacific,Second Class,Wicked Choccy's,81,317,1106.3300000000002,789.3300000000002,317.0,3.0,Wicked Choccy's,False,2.55,0.6920630372492836,0.4500000000000002,15.000000000000005,0.7500000000000002,0.8481164672172593,0.7500000000000002,0.8481164672172593,0.7990582336086298,0.7990582336086298,High,Low
Wonka Bar - Nutty Crunch Surprise,Pacific,Standard Class,Lot's O' Nuts,284,1324,4620.76,3296.76,1324.0,5.0,Lot's O' Nuts,False,4.5,0.6991977077363897,0.5,10.0,0.5,0.8568599359514578,0.5,0.8568599359514578,0.6784299679757289,0.6784299679757289,Medium,Medium
Wonka Bar - Nutty Crunch Surprise,Pacific,Standard Class,Secret Factory,284,1324,4620.76,3296.76,1324.0,5.0,Secret Factory,False,4.0,0.6849283667621776,1.0,20.0,1.0,0.8393729984830607,1.0,0.8393729984830607,0.9196864992415303,0.9196864992415303,High,Low
Wonka Bar - Nutty Crunch Surprise,Pacific,Standard Class,Sugar Shack,284,1324,4620.76,3296.76,1324.0,5.0,Sugar Shack,False,4.75,0.7134670487106017,0.25,5.0,0.25,0.874346873419855,0.25,0.874346873419855,0.5621734367099275,0.5621734367099275,Medium,Medium
Wonka Bar - Nutty Crunch Surprise,Pacific,Standard Class,The Other Factory,284,1324,4620.76,3296.76,1324.0,5.0,The Other Factory,False,5.25,0.7277363896848138,-0.25,-5.0,-0.25,0.8918338108882521,0.0,0.8918338108882521,0.44591690544412604,0.44591690544412604,Low,High
Wonka Bar - Nutty Crunch Surprise,Pacific,Standard Class,Wicked Choccy's,284,1324,4620.76,3296.76,1324.0,5.0,Wicked Choccy's,False,4.25,0.6920630372492836,0.75,15.0,0.75,0.8481164672172593,0.75,0.8481164672172593,0.7990582336086296,0.7990582336086296,High,Low
Wonka Bar - Triple Dazzle Caramel,Atlantic,First Class,Lot's O' Nuts,75,323,1211.25,791.3499999999999,419.90000000000003,2.0,Lot's O' Nuts,False,1.8,0.6402666666666665,0.19999999999999996,9.999999999999998,0.4999999999999999,0.7846405228758168,0.4999999999999999,0.7846405228758168,0.6423202614379083,0.6423202614379083,Medium,Medium
Wonka Bar - Triple Dazzle Caramel,Atlantic,First Class,Secret Factory,75,323,1211.25,791.3499999999999,419.90000000000003,2.0,Secret Factory,False,1.6,0.6271999999999999,0.3999999999999999,19.999999999999996,0.9999999999999998,0.768627450980392,0.9999999999999998,0.768627450980392,0.8843137254901958,0.8843137254901958,High,Low
Wonka Bar - Triple Dazzle Caramel,Atlantic,First Class,Sugar Shack,75,323,1211.25,791.3499999999999,419.90000000000003,2.0,Sugar Shack,False,1.9,0.6533333333333332,0.10000000000000009,5.000000000000004,0.2500000000000002,0.8006535947712417,0.2500000000000002,0.8006535947712417,0.5253267973856209,0.5253267973856209,Medium,Medium
Wonka Bar - Triple Dazzle Caramel,Atlantic,First Class,The Other Factory,75,323,1211.25,791.3499999999999,419.90000000000003,2.0,The Other Factory,False,2.1,0.6663999999999999,-0.10000000000000009,-5.000000000000004,-0.2500000000000002,0.8166666666666664,0.0,0.8166666666666664,0.4083333333333332,0.4083333333333332,Low,High
Wonka Bar - Triple Dazzle Caramel,Atlantic,First Class,Wicked Choccy's,75,323,1211.25,791.3499999999999,419.90000000000003,2.0,Wicked Choccy's,False,1.7,0.6337333333333331,0.30000000000000004,15.000000000000002,0.7500000000000001,0.7766339869281043,0.7500000000000001,0.7766339869281043,0.7633169934640522,0.7633169934640522,High,Low
Wonka Bar - Triple Dazzle Caramel,Atlantic,Same Day,Lot's O' Nuts,22,107,401.25,262.15,139.10000000000002,1.0,Lot's O' Nuts,False,0.9,0.6402666666666667,0.09999999999999998,9.999999999999998,0.4999999999999999,0.7846405228758169,0.4999999999999999,0.7846405228758169,0.6423202614379084,0.6423202614379084,Medium,Medium
Wonka Bar - Triple Dazzle Caramel,Atlantic,Same Day,Secret Factory,22,107,401.25,262.15,139.10000000000002,1.0,Secret Factory,False,0.8,0.6272,0.19999999999999996,19.999999999999996,0.9999999999999998,0.7686274509803921,0.9999999999999998,0.7686274509803921,0.8843137254901959,0.8843137254901959,High,Low
Wonka Bar - Triple Dazzle Caramel,Atlantic,Same Day,Sugar Shack,22,107,401.25,262.15,139.10000000000002,1.0,Sugar Shack,False,0.95,0.6533333333333333,0.050000000000000044,5.000000000000004,0.2500000000000002,0.8006535947712418,0.2500000000000002,0.8006535947712418,0.525326797385621,0.525326797385621,Medium,Medium
Wonka Bar - Triple Dazzle Caramel,Atlantic,Same Day,The Other Factory,22,107,401.25,262.15,139.10000000000002,1.0,The Other Factory,False,1.05,0.6664,-0.050000000000000044,-5.000000000000004,-0.2500000000000002,0.8166666666666667,0.0,0.8166666666666667,0.4083333333333333,0.4083333333333333,Low,High
Wonka Bar - Triple Dazzle Caramel,Atlantic,Same Day,Wicked Choccy's,22,107,401.25,262.15,139.10000000000002,1.0,Wicked Choccy's,False,0.85,0.6337333333333333,0.15000000000000002,15.000000000000002,0.7500000000000001,0.7766339869281045,0.7500000000000001,0.7766339869281045,0.7633169934640522,0.7633169934640522,High,Low
Wonka Bar - Triple Dazzle Caramel,Atlantic,Second Class,Lot's O' Nuts,96,484,1815.0,1185.8,629.1999999999999,3.0,Lot's O' Nuts,False,2.7,0.6402666666666667,0.2999999999999998,9.999999999999993,0.49999999999999967,0.7846405228758169,0.49999999999999967,0.7846405228758169,0.6423202614379082,0.6423202614379082,Medium,Medium
Wonka Bar - Triple Dazzle Caramel,Atlantic,Second Class,Secret Factory,96,484,1815.0,1185.8,629.1999999999999,3.0,Secret Factory,False,2.4000000000000004,0.6272,0.5999999999999996,19.999999999999986,0.9999999999999993,0.7686274509803921,0.9999999999999993,0.7686274509803921,0.8843137254901957,0.8843137254901957,High,Low
Wonka Bar - Triple Dazzle Caramel,Atlantic,Second Class,Sugar Shack,96,484,1815.0,1185.8,629.1999999999999,3.0,Sugar Shack,False,2.8499999999999996,0.6533333333333333,0.15000000000000036,5.000000000000012,0.2500000000000006,0.8006535947712418,0.2500000000000006,0.8006535947712418,0.5253267973856212,0.5253267973856212,Medium,Medium
Wonka Bar - Triple Dazzle Caramel,Atlantic,Second Class,The Other Factory,96,484,1815.0,1185.8,629.1999999999999,3.0,The Other Factory,False,3.1500000000000004,0.6664,-0.15000000000000036,-5.000000000000012,-0.2500000000000006,0.8166666666666667,0.0,0.8166666666666667,0.4083333333333333,0.4083333333333333,Low,High
Wonka Bar - Triple Dazzle Caramel,Atlantic,Second Class,Wicked Choccy's,96,484,1815.0,1185.8,629.1999999999999,3.0,Wicked Choccy's,False,2.55,0.6337333333333333,0.4500000000000002,15.000000000000005,0.7500000000000002,0.7766339869281045,0.7500000000000002,0.7766339869281045,0.7633169934640524,0.7633169934640524,High,Low
Wonka Bar - Triple Dazzle Caramel,Atlantic,Standard Class,Lot's O' Nuts,270,1172,4395.0,2871.3999999999996,1523.6,5.0,Lot's O' Nuts,False,4.5,0.6402666666666665,0.5,10.0,0.5,0.7846405228758168,0.5,0.7846405228758168,0.6423202614379084,0.6423202614379084,Medium,Medium
Wonka Bar - Triple Dazzle Caramel,Atlantic,Standard Class,Secret Factory,270,1172,4395.0,2871.3999999999996,1523.6,5.0,Secret Factory,False,4.0,0.6271999999999999,1.0,20.0,1.0,0.768627450980392,1.0,0.768627450980392,0.884313725490196,0.884313725490196,High,Low
Wonka Bar - Triple Dazzle Caramel,Atlantic,Standard Class,Sugar Shack,270,1172,4395.0,2871.3999999999996,1523.6,5.0,Sugar Shack,False,4.75,0.6533333333333332,0.25,5.0,0.25,0.8006535947712417,0.25,0.8006535947712417,0.5253267973856208,0.5253267973856208,Medium,Medium
Wonka Bar - Triple Dazzle Caramel,Atlantic,Standard Class,The Other Factory,270,1172,4395.0,2871.3999999999996,1523.6,5.0,The Other Factory,False,5.25,0.6663999999999999,-0.25,-5.0,-0.25,0.8166666666666664,0.0,0.8166666666666664,0.4083333333333332,0.4083333333333332,Low,High
Wonka Bar - Triple Dazzle Caramel,Atlantic,Standard Class,Wicked Choccy's,270,1172,4395.0,2871.3999999999996,1523.6,5.0,Wicked Choccy's,False,4.25,0.6337333333333331,0.75,15.0,0.75,0.7766339869281043,0.75,0.7766339869281043,0.7633169934640521,0.7633169934640521,High,Low
Wonka Bar - Triple Dazzle Caramel,Gulf,First Class,Lot's O' Nuts,36,152,570.0,372.4,197.6,2.0,Lot's O' Nuts,False,1.8,0.6402666666666667,0.19999999999999996,9.999999999999998,0.4999999999999999,0.7846405228758169,0.4999999999999999,0.7846405228758169,0.6423202614379084,0.6423202614379084,Medium,Medium
Wonka Bar - Triple Dazzle Caramel,Gulf,First Class,Secret Factory,36,152,570.0,372.4,197.6,2.0,Secret Factory,False,1.6,0.6272,0.3999999999999999,19.999999999999996,0.9999999999999998,0.7686274509803921,0.9999999999999998,0.7686274509803921,0.8843137254901959,0.8843137254901959,High,Low
Wonka Bar - Triple Dazzle Caramel,Gulf,First Class,Sugar Shack,36,152,570.0,372.4,197.6,2.0,Sugar Shack,False,1.9,0.6533333333333333,0.10000000000000009,5.000000000000004,0.2500000000000002,0.8006535947712418,0.2500000000000002,0.8006535947712418,0.525326797385621,0.525326797385621,Medium,Medium
Wonka Bar - Triple Dazzle Caramel,Gulf,First Class,The Other Factory,36,152,570.0,372.4,197.6,2.0,The Other Factory,False,2.1,0.6664,-0.10000000000000009,-5.000000000000004,-0.2500000000000002,0.8166666666666667,0.0,0.8166666666666667,0.4083333333333333,0.4083333333333333,Low,High
Wonka Bar - Triple Dazzle Caramel,Gulf,First Class,Wicked Choccy's,36,152,570.0,372.4,197.6,2.0,Wicked Choccy's,False,1.7,0.6337333333333333,0.30000000000000004,15.000000000000002,0.7500000000000001,0.7766339869281045,0.7500000000000001,0.7766339869281045,0.7633169934640522,0.7633169934640522,High,Low
Wonka Bar - Triple Dazzle Caramel,Gulf,Same Day,Lot's O' Nuts,12,44,165.0,107.79999999999998,57.2,1.0,Lot's O' Nuts,False,0.9,0.6402666666666665,0.09999999999999998,9.999999999999998,0.4999999999999999,0.7846405228758168,0.4999999999999999,0.7846405228758168,0.6423202614379083,0.6423202614379083,Medium,Medium
Wonka Bar - Triple Dazzle Caramel,Gulf,Same Day,Secret Factory,12,44,165.0,107.79999999999998,57.2,1.0,Secret Factory,False,0.8,0.6271999999999999,0.19999999999999996,19.999999999999996,0.9999999999999998,0.768627450980392,0.9999999999999998,0.768627450980392,0.8843137254901958,0.8843137254901958,High,Low
Wonka Bar - Triple Dazzle Caramel,Gulf,Same Day,Sugar Shack,12,44,165.0,107.79999999999998,57.2,1.0,Sugar Shack,False,0.95,0.6533333333333332,0.050000000000000044,5.000000000000004,0.2500000000000002,0.8006535947712417,0.2500000000000002,0.8006535947712417,0.5253267973856209,0.5253267973856209,Medium,Medium
Wonka Bar - Triple Dazzle Caramel,Gulf,Same Day,The Other Factory,12,44,165.0,107.79999999999998,57.2,1.0,The Other Factory,False,1.05,0.6663999999999999,-0.050000000000000044,-5.000000000000004,-0.2500000000000002,0.8166666666666664,0.0,0.8166666666666664,0.4083333333333332,0.4083333333333332,Low,High
Wonka Bar - Triple Dazzle Caramel,Gulf,Same Day,Wicked Choccy's,12,44,165.0,107.79999999999998,57.2,1.0,Wicked Choccy's,False,0.85,0.6337333333333331,0.15000000000000002,15.000000000000002,0.7500000000000001,0.7766339869281043,0.7500000000000001,0.7766339869281043,0.7633169934640522,0.7633169934640522,High,Low
Wonka Bar - Triple Dazzle Caramel,Gulf,Second Class,Lot's O' Nuts,52,242,907.5,592.9000000000001,314.6,3.0,Lot's O' Nuts,False,2.7,0.6402666666666668,0.2999999999999998,9.999999999999993,0.49999999999999967,0.7846405228758171,0.49999999999999967,0.7846405228758171,0.6423202614379084,0.6423202614379084,Medium,Medium
Wonka Bar - Triple Dazzle Caramel,Gulf,Second Class,Secret Factory,52,242,907.5,592.9000000000001,314.6,3.0,Secret Factory,False,2.4000000000000004,0.6272000000000001,0.5999999999999996,19.999999999999986,0.9999999999999993,0.7686274509803922,0.9999999999999993,0.7686274509803922,0.8843137254901958,0.8843137254901958,High,Low
Wonka Bar - Triple Dazzle Caramel,Gulf,Second Class,Sugar Shack,52,242,907.5,592.9000000000001,314.6,3.0,Sugar Shack,False,2.8499999999999996,0.6533333333333334,0.15000000000000036,5.000000000000012,0.2500000000000006,0.8006535947712419,0.2500000000000006,0.8006535947712419,0.5253267973856213,0.5253267973856213,Medium,Medium
Wonka Bar - Triple Dazzle Caramel,Gulf,Second Class,The Other Factory,52,242,907.5,592.9000000000001,314.6,3.0,The Other Factory,False,3.1500000000000004,0.6664000000000001,-0.15000000000000036,-5.000000000000012,-0.2500000000000006,0.8166666666666668,0.0,0.8166666666666668,0.4083333333333334,0.4083333333333334,Low,High
Wonka Bar - Triple Dazzle Caramel,Gulf,Second Class,Wicked Choccy's,52,242,907.5,592.9000000000001,314.6,3.0,Wicked Choccy's,False,2.55,0.6337333333333334,0.4500000000000002,15.000000000000005,0.7500000000000002,0.7766339869281046,0.7500000000000002,0.7766339869281046,0.7633169934640525,0.7633169934640525,High,Low
Wonka Bar - Triple Dazzle Caramel,Gulf,Standard Class,Lot's O' Nuts,166,785,2943.75,1923.25,1020.5,5.0,Lot's O' Nuts,False,4.5,0.6402666666666667,0.5,10.0,0.5,0.7846405228758169,0.5,0.7846405228758169,0.6423202614379084,0.6423202614379084,Medium,Medium
Wonka Bar - Triple Dazzle Caramel,Gulf,Standard Class,Secret Factory,166,785,2943.75,1923.25,1020.5,5.0,Secret Factory,False,4.0,0.6272,1.0,20.0,1.0,0.7686274509803921,1.0,0.7686274509803921,0.884313725490196,0.884313725490196,High,Low
Wonka Bar - Triple Dazzle Caramel,Gulf,Standard Class,Sugar Shack,166,785,2943.75,1923.25,1020.5,5.0,Sugar Shack,False,4.75,0.6533333333333333,0.25,5.0,0.25,0.8006535947712418,0.25,0.8006535947712418,0.5253267973856208,0.5253267973856208,Medium,Medium
Wonka Bar - Triple Dazzle Caramel,Gulf,Standard Class,The Other Factory,166,785,2943.75,1923.25,1020.5,5.0,The Other Factory,False,5.25,0.6664,-0.25,-5.0,-0.25,0.8166666666666667,0.0,0.8166666666666667,0.4083333333333333,0.4083333333333333,Low,High
Wonka Bar - Triple Dazzle Caramel,Gulf,Standard Class,Wicked Choccy's,166,785,2943.75,1923.25,1020.5,5.0,Wicked Choccy's,False,4.25,0.6337333333333333,0.75,15.0,0.75,0.7766339869281045,0.75,0.7766339869281045,0.7633169934640522,0.7633169934640522,High,Low
Wonka Bar - Triple Dazzle Caramel,Interior,First Class,Lot's O' Nuts,44,201,753.75,492.45,261.3,2.0,Lot's O' Nuts,False,1.8,0.6402666666666667,0.19999999999999996,9.999999999999998,0.4999999999999999,0.7846405228758169,0.4999999999999999,0.7846405228758169,0.6423202614379084,0.6423202614379084,Medium,Medium
Wonka Bar - Triple Dazzle Caramel,Interior,First Class,Secret Factory,44,201,753.75,492.45,261.3,2.0,Secret Factory,False,1.6,0.6272,0.3999999999999999,19.999999999999996,0.9999999999999998,0.7686274509803921,0.9999999999999998,0.7686274509803921,0.8843137254901959,0.8843137254901959,High,Low
Wonka Bar - Triple Dazzle Caramel,Interior,First Class,Sugar Shack,44,201,753.75,492.45,261.3,2.0,Sugar Shack,False,1.9,0.6533333333333333,0.10000000000000009,5.000000000000004,0.2500000000000002,0.8006535947712418,0.2500000000000002,0.8006535947712418,0.525326797385621,0.525326797385621,Medium,Medium
Wonka Bar - Triple Dazzle Caramel,Interior,First Class,The Other Factory,44,201,753.75,492.45,261.3,2.0,The Other Factory,False,2.1,0.6664,-0.10000000000000009,-5.000000000000004,-0.2500000000000002,0.8166666666666667,0.0,0.8166666666666667,0.4083333333333333,0.4083333333333333,Low,High
Wonka Bar - Triple Dazzle Caramel,Interior,First Class,Wicked Choccy's,44,201,753.75,492.45,261.3,2.0,Wicked Choccy's,False,1.7,0.6337333333333333,0.30000000000000004,15.000000000000002,0.7500000000000001,0.7766339869281045,0.7500000000000001,0.7766339869281045,0.7633169934640522,0.7633169934640522,High,Low
Wonka Bar - Triple Dazzle Caramel,Interior,Same Day,Lot's O' Nuts,23,89,333.75,218.04999999999998,115.69999999999999,1.0,Lot's O' Nuts,False,0.9,0.6402666666666667,0.09999999999999998,9.999999999999998,0.4999999999999999,0.7846405228758169,0.4999999999999999,0.7846405228758169,0.6423202614379084,0.6423202614379084,Medium,Medium
Wonka Bar - Triple Dazzle Caramel,Interior,Same Day,Secret Factory,23,89,333.75,218.04999999999998,115.69999999999999,1.0,Secret Factory,False,0.8,0.6272,0.19999999999999996,19.999999999999996,0.9999999999999998,0.7686274509803921,0.9999999999999998,0.7686274509803921,0.8843137254901959,0.8843137254901959,High,Low
Wonka Bar - Triple Dazzle Caramel,Interior,Same Day,Sugar Shack,23,89,333.75,218.04999999999998,115.69999999999999,1.0,Sugar Shack,False,0.95,0.6533333333333333,0.050000000000000044,5.000000000000004,0.2500000000000002,0.8006535947712418,0.2500000000000002,0.8006535947712418,0.525326797385621,0.525326797385621,Medium,Medium
Wonka Bar - Triple Dazzle Caramel,Interior,Same Day,The Other Factory,23,89,333.75,218.04999999999998,115.69999999999999,1.0,The Other Factory,False,1.05,0.6664,-0.050000000000000044,-5.000000000000004,-0.2500000000000002,0.8166666666666667,0.0,0.8166666666666667,0.4083333333333333,0.4083333333333333,Low,High
Wonka Bar - Triple Dazzle Caramel,Interior,Same Day,Wicked Choccy's,23,89,333.75,218.04999999999998,115.69999999999999,1.0,Wicked Choccy's,False,0.85,0.6337333333333333,0.15000000000000002,15.000000000000002,0.7500000000000001,0.7766339869281045,0.7500000000000001,0.7766339869281045,0.7633169934640522,0.7633169934640522,High,Low
Wonka Bar - Triple Dazzle Caramel,Interior,Second Class,Lot's O' Nuts,66,325,1218.75,796.25,422.49999999999994,3.0,Lot's O' Nuts,False,2.7,0.6402666666666667,0.2999999999999998,9.999999999999993,0.49999999999999967,0.7846405228758169,0.49999999999999967,0.7846405228758169,0.6423202614379082,0.6423202614379082,Medium,Medium
Wonka Bar - Triple Dazzle Caramel,Interior,Second Class,Secret Factory,66,325,1218.75,796.25,422.49999999999994,3.0,Secret Factory,False,2.4000000000000004,0.6272,0.5999999999999996,19.999999999999986,0.9999999999999993,0.7686274509803921,0.9999999999999993,0.7686274509803921,0.8843137254901957,0.8843137254901957,High,Low
Wonka Bar - Triple Dazzle Caramel,Interior,Second Class,Sugar Shack,66,325,1218.75,796.25,422.49999999999994,3.0,Sugar Shack,False,2.8499999999999996,0.6533333333333333,0.15000000000000036,5.000000000000012,0.2500000000000006,0.8006535947712418,0.2500000000000006,0.8006535947712418,0.5253267973856212,0.5253267973856212,Medium,Medium
Wonka Bar - Triple Dazzle Caramel,Interior,Second Class,The Other Factory,66,325,1218.75,796.25,422.49999999999994,3.0,The Other Factory,False,3.1500000000000004,0.6664,-0.15000000000000036,-5.000000000000012,-0.2500000000000006,0.8166666666666667,0.0,0.8166666666666667,0.4083333333333333,0.4083333333333333,Low,High
Wonka Bar - Triple Dazzle Caramel,Interior,Second Class,Wicked Choccy's,66,325,1218.75,796.25,422.49999999999994,3.0,Wicked Choccy's,False,2.55,0.6337333333333333,0.4500000000000002,15.000000000000005,0.7500000000000002,0.7766339869281045,0.7500000000000002,0.7766339869281045,0.7633169934640524,0.7633169934640524,High,Low
Wonka Bar - Triple Dazzle Caramel,Interior,Standard Class,Lot's O' Nuts,244,1077,4038.75,2638.65,1400.1,5.0,Lot's O' Nuts,False,4.5,0.6402666666666667,0.5,10.0,0.5,0.7846405228758169,0.5,0.7846405228758169,0.6423202614379084,0.6423202614379084,Medium,Medium
Wonka Bar - Triple Dazzle Caramel,Interior,Standard Class,Secret Factory,244,1077,4038.75,2638.65,1400.1,5.0,Secret Factory,False,4.0,0.6272,1.0,20.0,1.0,0.7686274509803921,1.0,0.7686274509803921,0.884313725490196,0.884313725490196,High,Low
Wonka Bar - Triple Dazzle Caramel,Interior,Standard Class,Sugar Shack,244,1077,4038.75,2638.65,1400.1,5.0,Sugar Shack,False,4.75,0.6533333333333333,0.25,5.0,0.25,0.8006535947712418,0.25,0.8006535947712418,0.5253267973856208,0.5253267973856208,Medium,Medium
Wonka Bar - Triple Dazzle Caramel,Interior,Standard Class,The Other Factory,244,1077,4038.75,2638.65,1400.1,5.0,The Other Factory,False,5.25,0.6664,-0.25,-5.0,-0.25,0.8166666666666667,0.0,0.8166666666666667,0.4083333333333333,0.4083333333333333,Low,High
Wonka Bar - Triple Dazzle Caramel,Interior,Standard Class,Wicked Choccy's,244,1077,4038.75,2638.65,1400.1,5.0,Wicked Choccy's,False,4.25,0.6337333333333333,0.75,15.0,0.75,0.7766339869281045,0.75,0.7766339869281045,0.7633169934640522,0.7633169934640522,High,Low
Wonka Bar - Triple Dazzle Caramel,Pacific,First Class,Lot's O' Nuts,83,370,1387.5,906.5,481.0,2.0,Lot's O' Nuts,False,1.8,0.6402666666666667,0.19999999999999996,9.999999999999998,0.4999999999999999,0.7846405228758169,0.4999999999999999,0.7846405228758169,0.6423202614379084,0.6423202614379084,Medium,Medium
Wonka Bar - Triple Dazzle Caramel,Pacific,First Class,Secret Factory,83,370,1387.5,906.5,481.0,2.0,Secret Factory,False,1.6,0.6272,0.3999999999999999,19.999999999999996,0.9999999999999998,0.7686274509803921,0.9999999999999998,0.7686274509803921,0.8843137254901959,0.8843137254901959,High,Low
Wonka Bar - Triple Dazzle Caramel,Pacific,First Class,Sugar Shack,83,370,1387.5,906.5,481.0,2.0,Sugar Shack,False,1.9,0.6533333333333333,0.10000000000000009,5.000000000000004,0.2500000000000002,0.8006535947712418,0.2500000000000002,0.8006535947712418,0.525326797385621,0.525326797385621,Medium,Medium
Wonka Bar - Triple Dazzle Caramel,Pacific,First Class,The Other Factory,83,370,1387.5,906.5,481.0,2.0,The Other Factory,False,2.1,0.6664,-0.10000000000000009,-5.000000000000004,-0.2500000000000002,0.8166666666666667,0.0,0.8166666666666667,0.4083333333333333,0.4083333333333333,Low,High
Wonka Bar - Triple Dazzle Caramel,Pacific,First Class,Wicked Choccy's,83,370,1387.5,906.5,481.0,2.0,Wicked Choccy's,False,1.7,0.6337333333333333,0.30000000000000004,15.000000000000002,0.7500000000000001,0.7766339869281045,0.7500000000000001,0.7766339869281045,0.7633169934640522,0.7633169934640522,High,Low
Wonka Bar - Triple Dazzle Caramel,Pacific,Same Day,Lot's O' Nuts,36,185,693.75,453.25,240.50000000000003,1.0,Lot's O' Nuts,False,0.9,0.6402666666666667,0.09999999999999998,9.999999999999998,0.4999999999999999,0.7846405228758169,0.4999999999999999,0.7846405228758169,0.6423202614379084,0.6423202614379084,Medium,Medium
Wonka Bar - Triple Dazzle Caramel,Pacific,Same Day,Secret Factory,36,185,693.75,453.25,240.50000000000003,1.0,Secret Factory,False,0.8,0.6272,0.19999999999999996,19.999999999999996,0.9999999999999998,0.7686274509803921,0.9999999999999998,0.7686274509803921,0.8843137254901959,0.8843137254901959,High,Low
Wonka Bar - Triple Dazzle Caramel,Pacific,Same Day,Sugar Shack,36,185,693.75,453.25,240.50000000000003,1.0,Sugar Shack,False,0.95,0.6533333333333333,0.050000000000000044,5.000000000000004,0.2500000000000002,0.8006535947712418,0.2500000000000002,0.8006535947712418,0.525326797385621,0.525326797385621,Medium,Medium
Wonka Bar - Triple Dazzle Caramel,Pacific,Same Day,The Other Factory,36,185,693.75,453.25,240.50000000000003,1.0,The Other Factory,False,1.05,0.6664,-0.050000000000000044,-5.000000000000004,-0.2500000000000002,0.8166666666666667,0.0,0.8166666666666667,0.4083333333333333,0.4083333333333333,Low,High
Wonka Bar - Triple Dazzle Caramel,Pacific,Same Day,Wicked Choccy's,36,185,693.75,453.25,240.50000000000003,1.0,Wicked Choccy's,False,0.85,0.6337333333333333,0.15000000000000002,15.000000000000002,0.7500000000000001,0.7766339869281045,0.7500000000000001,0.7766339869281045,0.7633169934640522,0.7633169934640522,High,Low
Wonka Bar - Triple Dazzle Caramel,Pacific,Second Class,Lot's O' Nuts,107,460,1725.0,1126.9999999999998,598.0,3.0,Lot's O' Nuts,False,2.7,0.6402666666666665,0.2999999999999998,9.999999999999993,0.49999999999999967,0.7846405228758168,0.49999999999999967,0.7846405228758168,0.6423202614379082,0.6423202614379082,Medium,Medium
Wonka Bar - Triple Dazzle Caramel,Pacific,Second Class,Secret Factory,107,460,1725.0,1126.9999999999998,598.0,3.0,Secret Factory,False,2.4000000000000004,0.6271999999999999,0.5999999999999996,19.999999999999986,0.9999999999999993,0.768627450980392,0.9999999999999993,0.768627450980392,0.8843137254901956,0.8843137254901956,High,Low
Wonka Bar - Triple Dazzle Caramel,Pacific,Second Class,Sugar Shack,107,460,1725.0,1126.9999999999998,598.0,3.0,Sugar Shack,False,2.8499999999999996,0.6533333333333332,0.15000000000000036,5.000000000000012,0.2500000000000006,0.8006535947712417,0.2500000000000006,0.8006535947712417,0.5253267973856212,0.5253267973856212,Medium,Medium
Wonka Bar - Triple Dazzle Caramel,Pacific,Second Class,The Other Factory,107,460,1725.0,1126.9999999999998,598.0,3.0,The Other Factory,False,3.1500000000000004,0.6663999999999999,-0.15000000000000036,-5.000000000000012,-0.2500000000000006,0.8166666666666664,0.0,0.8166666666666664,0.4083333333333332,0.4083333333333332,Low,High
Wonka Bar - Triple Dazzle Caramel,Pacific,Second Class,Wicked Choccy's,107,460,1725.0,1126.9999999999998,598.0,3.0,Wicked Choccy's,False,2.55,0.6337333333333331,0.4500000000000002,15.000000000000005,0.7500000000000002,0.7766339869281043,0.7500000000000002,0.7766339869281043,0.7633169934640522,0.7633169934640522,High,Low
Wonka Bar - Triple Dazzle Caramel,Pacific,Standard Class,Lot's O' Nuts,345,1580,5925.0,3870.9999999999995,2054.0,5.0,Lot's O' Nuts,False,4.5,0.6402666666666665,0.5,10.0,0.5,0.7846405228758168,0.5,0.7846405228758168,0.6423202614379084,0.6423202614379084,Medium,Medium
Wonka Bar - Triple Dazzle Caramel,Pacific,Standard Class,Secret Factory,345,1580,5925.0,3870.9999999999995,2054.0,5.0,Secret Factory,False,4.0,0.6271999999999999,1.0,20.0,1.0,0.768627450980392,1.0,0.768627450980392,0.884313725490196,0.884313725490196,High,Low
Wonka Bar - Triple Dazzle Caramel,Pacific,Standard Class,Sugar Shack,345,1580,5925.0,3870.9999999999995,2054.0,5.0,Sugar Shack,False,4.75,0.6533333333333332,0.25,5.0,0.25,0.8006535947712417,0.25,0.8006535947712417,0.5253267973856208,0.5253267973856208,Medium,Medium
Wonka Bar - Triple Dazzle Caramel,Pacific,Standard Class,The Other Factory,345,1580,5925.0,3870.9999999999995,2054.0,5.0,The Other Factory,False,5.25,0.6663999999999999,-0.25,-5.0,-0.25,0.8166666666666664,0.0,0.8166666666666664,0.4083333333333332,0.4083333333333332,Low,High
Wonka Bar - Triple Dazzle Caramel,Pacific,Standard Class,Wicked Choccy's,345,1580,5925.0,3870.9999999999995,2054.0,5.0,Wicked Choccy's,False,4.25,0.6337333333333331,0.75,15.0,0.75,0.7766339869281043,0.75,0.7766339869281043,0.7633169934640521,0.7633169934640521,High,Low
Wonka Bar -Scrumdiddlyumptious,Atlantic,First Class,Lot's O' Nuts,93,415,1494.0,1037.5,456.5,2.0,Lot's O' Nuts,False,1.8,0.6805555555555555,0.19999999999999996,9.999999999999998,0.4999999999999999,0.8340141612200435,0.4999999999999999,0.8340141612200435,0.6670070806100217,0.6670070806100217,Medium,Medium
Wonka Bar -Scrumdiddlyumptious,Atlantic,First Class,Secret Factory,93,415,1494.0,1037.5,456.5,2.0,Secret Factory,False,1.6,0.6666666666666666,0.3999999999999999,19.999999999999996,0.9999999999999998,0.8169934640522875,0.9999999999999998,0.8169934640522875,0.9084967320261437,0.9084967320261437,High,Low
Wonka Bar -Scrumdiddlyumptious,Atlantic,First Class,Sugar Shack,93,415,1494.0,1037.5,456.5,2.0,Sugar Shack,False,1.9,0.6944444444444444,0.10000000000000009,5.000000000000004,0.2500000000000002,0.8510348583877995,0.2500000000000002,0.8510348583877995,0.5505174291938999,0.5505174291938999,Medium,Medium
Wonka Bar -Scrumdiddlyumptious,Atlantic,First Class,The Other Factory,93,415,1494.0,1037.5,456.5,2.0,The Other Factory,False,2.1,0.7083333333333334,-0.10000000000000009,-5.000000000000004,-0.2500000000000002,0.8680555555555556,0.0,0.8680555555555556,0.4340277777777778,0.4340277777777778,Low,High
Wonka Bar -Scrumdiddlyumptious,Atlantic,First Class,Wicked Choccy's,93,415,1494.0,1037.5,456.5,2.0,Wicked Choccy's,False,1.7,0.673611111111111,0.30000000000000004,15.000000000000002,0.7500000000000001,0.8255038126361655,0.7500000000000001,0.8255038126361655,0.7877519063180828,0.7877519063180828,High,Low
Wonka Bar -Scrumdiddlyumptious,Atlantic,Same Day,Lot's O' Nuts,27,120,432.00000000000006,300.0,132.00000000000003,1.0,Lot's O' Nuts,False,0.9,0.6805555555555554,0.09999999999999998,9.999999999999998,0.4999999999999999,0.8340141612200432,0.4999999999999999,0.8340141612200432,0.6670070806100216,0.6670070806100216,Medium,Medium
Wonka Bar -Scrumdiddlyumptious,Atlantic,Same Day,Secret Factory,27,120,432.00000000000006,300.0,132.00000000000003,1.0,Secret Factory,False,0.8,0.6666666666666665,0.19999999999999996,19.999999999999996,0.9999999999999998,0.8169934640522873,0.9999999999999998,0.8169934640522873,0.9084967320261436,0.9084967320261436,High,Low
Wonka Bar -Scrumdiddlyumptious,Atlantic,Same Day,Sugar Shack,27,120,432.00000000000006,300.0,132.00000000000003,1.0,Sugar Shack,False,0.95,0.6944444444444443,0.050000000000000044,5.000000000000004,0.2500000000000002,0.8510348583877994,0.2500000000000002,0.8510348583877994,0.5505174291938998,0.5505174291938998,Medium,Medium
Wonka Bar -Scrumdiddlyumptious,Atlantic,Same Day,The Other Factory,27,120,432.00000000000006,300.0,132.00000000000003,1.0,The Other Factory,False,1.05,0.7083333333333333,-0.050000000000000044,-5.000000000000004,-0.2500000000000002,0.8680555555555554,0.0,0.8680555555555554,0.4340277777777777,0.4340277777777777,Low,High
Wonka Bar -Scrumdiddlyumptious,Atlantic,Same Day,Wicked Choccy's,27,120,432.00000000000006,300.0,132.00000000000003,1.0,Wicked Choccy's,False,0.85,0.6736111111111109,0.15000000000000002,15.000000000000002,0.7500000000000001,0.8255038126361653,0.7500000000000001,0.8255038126361653,0.7877519063180827,0.7877519063180827,High,Low
Wonka Bar -Scrumdiddlyumptious,Atlantic,Second Class,Lot's O' Nuts,96,435,1566.0,1087.5,478.5,3.0,Lot's O' Nuts,False,2.7,0.6805555555555555,0.2999999999999998,9.999999999999993,0.49999999999999967,0.8340141612200435,0.49999999999999967,0.8340141612200435,0.6670070806100216,0.6670070806100216,Medium,Medium
Wonka Bar -Scrumdiddlyumptious,Atlantic,Second Class,Secret Factory,96,435,1566.0,1087.5,478.5,3.0,Secret Factory,False,2.4000000000000004,0.6666666666666666,0.5999999999999996,19.999999999999986,0.9999999999999993,0.8169934640522875,0.9999999999999993,0.8169934640522875,0.9084967320261434,0.9084967320261434,High,Low
Wonka Bar -Scrumdiddlyumptious,Atlantic,Second Class,Sugar Shack,96,435,1566.0,1087.5,478.5,3.0,Sugar Shack,False,2.8499999999999996,0.6944444444444444,0.15000000000000036,5.000000000000012,0.2500000000000006,0.8510348583877995,0.2500000000000006,0.8510348583877995,0.5505174291939,0.5505174291939,Medium,Medium
Wonka Bar -Scrumdiddlyumptious,Atlantic,Second Class,The Other Factory,96,435,1566.0,1087.5,478.5,3.0,The Other Factory,False,3.1500000000000004,0.7083333333333334,-0.15000000000000036,-5.000000000000012,-0.2500000000000006,0.8680555555555556,0.0,0.8680555555555556,0.4340277777777778,0.4340277777777778,Low,High
Wonka Bar -Scrumdiddlyumptious,Atlantic,Second Class,Wicked Choccy's,96,435,1566.0,1087.5,478.5,3.0,Wicked Choccy's,False,2.55,0.673611111111111,0.4500000000000002,15.000000000000005,0.7500000000000002,0.8255038126361655,0.7500000000000002,0.8255038126361655,0.7877519063180829,0.7877519063180829,High,Low
Wonka Bar -Scrumdiddlyumptious,Atlantic,Standard Class,Lot's O' Nuts,297,1379,4964.4,3447.5,1516.9,5.0,Lot's O' Nuts,False,4.5,0.6805555555555556,0.5,10.0,0.5,0.8340141612200436,0.5,0.8340141612200436,0.6670070806100218,0.6670070806100218,Medium,Medium
Wonka Bar -Scrumdiddlyumptious,Atlantic,Standard Class,Secret Factory,297,1379,4964.4,3447.5,1516.9,5.0,Secret Factory,False,4.0,0.6666666666666667,1.0,20.0,1.0,0.8169934640522876,1.0,0.8169934640522876,0.9084967320261438,0.9084967320261438,High,Low
Wonka Bar -Scrumdiddlyumptious,Atlantic,Standard Class,Sugar Shack,297,1379,4964.4,3447.5,1516.9,5.0,Sugar Shack,False,4.75,0.6944444444444445,0.25,5.0,0.25,0.8510348583877996,0.25,0.8510348583877996,0.5505174291938998,0.5505174291938998,Medium,Medium
Wonka Bar -Scrumdiddlyumptious,Atlantic,Standard Class,The Other Factory,297,1379,4964.4,3447.5,1516.9,5.0,The Other Factory,False,5.25,0.7083333333333335,-0.25,-5.0,-0.25,0.8680555555555557,0.0,0.8680555555555557,0.43402777777777785,0.43402777777777785,Low,High
Wonka Bar -Scrumdiddlyumptious,Atlantic,Standard Class,Wicked Choccy's,297,1379,4964.4,3447.5,1516.9,5.0,Wicked Choccy's,False,4.25,0.6736111111111112,0.75,15.0,0.75,0.8255038126361656,0.75,0.8255038126361656,0.7877519063180828,0.7877519063180828,High,Low
Wonka Bar -Scrumdiddlyumptious,Gulf,First Class,Lot's O' Nuts,35,177,637.2,442.5,194.70000000000002,2.0,Lot's O' Nuts,False,1.8,0.6805555555555555,0.19999999999999996,9.999999999999998,0.4999999999999999,0.8340141612200435,0.4999999999999999,0.8340141612200435,0.6670070806100217,0.6670070806100217,Medium,Medium
Wonka Bar -Scrumdiddlyumptious,Gulf,First Class,Secret Factory,35,177,637.2,442.5,194.70000000000002,2.0,Secret Factory,False,1.6,0.6666666666666666,0.3999999999999999,19.999999999999996,0.9999999999999998,0.8169934640522875,0.9999999999999998,0.8169934640522875,0.9084967320261437,0.9084967320261437,High,Low
Wonka Bar -Scrumdiddlyumptious,Gulf,First Class,Sugar Shack,35,177,637.2,442.5,194.70000000000002,2.0,Sugar Shack,False,1.9,0.6944444444444444,0.10000000000000009,5.000000000000004,0.2500000000000002,0.8510348583877995,0.2500000000000002,0.8510348583877995,0.5505174291938999,0.5505174291938999,Medium,Medium
Wonka Bar -Scrumdiddlyumptious,Gulf,First Class,The Other Factory,35,177,637.2,442.5,194.70000000000002,2.0,The Other Factory,False,2.1,0.7083333333333334,-0.10000000000000009,-5.000000000000004,-0.2500000000000002,0.8680555555555556,0.0,0.8680555555555556,0.4340277777777778,0.4340277777777778,Low,High
Wonka Bar -Scrumdiddlyumptious,Gulf,First Class,Wicked Choccy's,35,177,637.2,442.5,194.70000000000002,2.0,Wicked Choccy's,False,1.7,0.673611111111111,0.30000000000000004,15.000000000000002,0.7500000000000001,0.8255038126361655,0.7500000000000001,0.8255038126361655,0.7877519063180828,0.7877519063180828,High,Low
Wonka Bar -Scrumdiddlyumptious,Gulf,Same Day,Lot's O' Nuts,9,41,147.6,102.5,45.1,1.0,Lot's O' Nuts,False,0.9,0.6805555555555555,0.09999999999999998,9.999999999999998,0.4999999999999999,0.8340141612200435,0.4999999999999999,0.8340141612200435,0.6670070806100217,0.6670070806100217,Medium,Medium
Wonka Bar -Scrumdiddlyumptious,Gulf,Same Day,Secret Factory,9,41,147.6,102.5,45.1,1.0,Secret Factory,False,0.8,0.6666666666666666,0.19999999999999996,19.999999999999996,0.9999999999999998,0.8169934640522875,0.9999999999999998,0.8169934640522875,0.9084967320261437,0.9084967320261437,High,Low
Wonka Bar -Scrumdiddlyumptious,Gulf,Same Day,Sugar Shack,9,41,147.6,102.5,45.1,1.0,Sugar Shack,False,0.95,0.6944444444444444,0.050000000000000044,5.000000000000004,0.2500000000000002,0.8510348583877995,0.2500000000000002,0.8510348583877995,0.5505174291938999,0.5505174291938999,Medium,Medium
Wonka Bar -Scrumdiddlyumptious,Gulf,Same Day,The Other Factory,9,41,147.6,102.5,45.1,1.0,The Other Factory,False,1.05,0.7083333333333334,-0.050000000000000044,-5.000000000000004,-0.2500000000000002,0.8680555555555556,0.0,0.8680555555555556,0.4340277777777778,0.4340277777777778,Low,High
Wonka Bar -Scrumdiddlyumptious,Gulf,Same Day,Wicked Choccy's,9,41,147.6,102.5,45.1,1.0,Wicked Choccy's,False,0.85,0.673611111111111,0.15000000000000002,15.000000000000002,0.7500000000000001,0.8255038126361655,0.7500000000000001,0.8255038126361655,0.7877519063180828,0.7877519063180828,High,Low
Wonka Bar -Scrumdiddlyumptious,Gulf,Second Class,Lot's O' Nuts,48,230,827.9999999999999,575.0,253.00000000000003,3.0,Lot's O' Nuts,False,2.7,0.6805555555555556,0.2999999999999998,9.999999999999993,0.49999999999999967,0.8340141612200436,0.49999999999999967,0.8340141612200436,0.6670070806100217,0.6670070806100217,Medium,Medium
Wonka Bar -Scrumdiddlyumptious,Gulf,Second Class,Secret Factory,48,230,827.9999999999999,575.0,253.00000000000003,3.0,Secret Factory,False,2.4000000000000004,0.6666666666666667,0.5999999999999996,19.999999999999986,0.9999999999999993,0.8169934640522876,0.9999999999999993,0.8169934640522876,0.9084967320261434,0.9084967320261434,High,Low
Wonka Bar -Scrumdiddlyumptious,Gulf,Second Class,Sugar Shack,48,230,827.9999999999999,575.0,253.00000000000003,3.0,Sugar Shack,False,2.8499999999999996,0.6944444444444445,0.15000000000000036,5.000000000000012,0.2500000000000006,0.8510348583877996,0.2500000000000006,0.8510348583877996,0.5505174291939001,0.5505174291939001,Medium,Medium
Wonka Bar -Scrumdiddlyumptious,Gulf,Second Class,The Other Factory,48,230,827.9999999999999,575.0,253.00000000000003,3.0,The Other Factory,False,3.1500000000000004,0.7083333333333335,-0.15000000000000036,-5.000000000000012,-0.2500000000000006,0.8680555555555557,0.0,0.8680555555555557,0.43402777777777785,0.43402777777777785,Low,High
Wonka Bar -Scrumdiddlyumptious,Gulf,Second Class,Wicked Choccy's,48,230,827.9999999999999,575.0,253.00000000000003,3.0,Wicked Choccy's,False,2.55,0.6736111111111112,0.4500000000000002,15.000000000000005,0.7500000000000002,0.8255038126361656,0.7500000000000002,0.8255038126361656,0.7877519063180829,0.7877519063180829,High,Low
Wonka Bar -Scrumdiddlyumptious,Gulf,Standard Class,Lot's O' Nuts,159,755,2718.0,1887.5,830.5,5.0,Lot's O' Nuts,False,4.5,0.6805555555555555,0.5,10.0,0.5,0.8340141612200435,0.5,0.8340141612200435,0.6670070806100217,0.6670070806100217,Medium,Medium
Wonka Bar -Scrumdiddlyumptious,Gulf,Standard Class,Secret Factory,159,755,2718.0,1887.5,830.5,5.0,Secret Factory,False,4.0,0.6666666666666666,1.0,20.0,1.0,0.8169934640522875,1.0,0.8169934640522875,0.9084967320261437,0.9084967320261437,High,Low
Wonka Bar -Scrumdiddlyumptious,Gulf,Standard Class,Sugar Shack,159,755,2718.0,1887.5,830.5,5.0,Sugar Shack,False,4.75,0.6944444444444444,0.25,5.0,0.25,0.8510348583877995,0.25,0.8510348583877995,0.5505174291938997,0.5505174291938997,Medium,Medium
Wonka Bar -Scrumdiddlyumptious,Gulf,Standard Class,The Other Factory,159,755,2718.0,1887.5,830.5,5.0,The Other Factory,False,5.25,0.7083333333333334,-0.25,-5.0,-0.25,0.8680555555555556,0.0,0.8680555555555556,0.4340277777777778,0.4340277777777778,Low,High
Wonka Bar -Scrumdiddlyumptious,Gulf,Standard Class,Wicked Choccy's,159,755,2718.0,1887.5,830.5,5.0,Wicked Choccy's,False,4.25,0.673611111111111,0.75,15.0,0.75,0.8255038126361655,0.75,0.8255038126361655,0.7877519063180827,0.7877519063180827,High,Low
Wonka Bar -Scrumdiddlyumptious,Interior,First Class,Lot's O' Nuts,48,235,846.0,587.5,258.5,2.0,Lot's O' Nuts,False,1.8,0.6805555555555555,0.19999999999999996,9.999999999999998,0.4999999999999999,0.8340141612200435,0.4999999999999999,0.8340141612200435,0.6670070806100217,0.6670070806100217,Medium,Medium
Wonka Bar -Scrumdiddlyumptious,Interior,First Class,Secret Factory,48,235,846.0,587.5,258.5,2.0,Secret Factory,False,1.6,0.6666666666666666,0.3999999999999999,19.999999999999996,0.9999999999999998,0.8169934640522875,0.9999999999999998,0.8169934640522875,0.9084967320261437,0.9084967320261437,High,Low
Wonka Bar -Scrumdiddlyumptious,Interior,First Class,Sugar Shack,48,235,846.0,587.5,258.5,2.0,Sugar Shack,False,1.9,0.6944444444444444,0.10000000000000009,5.000000000000004,0.2500000000000002,0.8510348583877995,0.2500000000000002,0.8510348583877995,0.5505174291938999,0.5505174291938999,Medium,Medium
Wonka Bar -Scrumdiddlyumptious,Interior,First Class,The Other Factory,48,235,846.0,587.5,258.5,2.0,The Other Factory,False,2.1,0.7083333333333334,-0.10000000000000009,-5.000000000000004,-0.2500000000000002,0.8680555555555556,0.0,0.8680555555555556,0.4340277777777778,0.4340277777777778,Low,High
Wonka Bar -Scrumdiddlyumptious,Interior,First Class,Wicked Choccy's,48,235,846.0,587.5,258.5,2.0,Wicked Choccy's,False,1.7,0.673611111111111,0.30000000000000004,15.000000000000002,0.7500000000000001,0.8255038126361655,0.7500000000000001,0.8255038126361655,0.7877519063180828,0.7877519063180828,High,Low
Wonka Bar -Scrumdiddlyumptious,Interior,Same Day,Lot's O' Nuts,14,57,205.20000000000002,142.5,62.699999999999996,1.0,Lot's O' Nuts,False,0.9,0.6805555555555555,0.09999999999999998,9.999999999999998,0.4999999999999999,0.8340141612200435,0.4999999999999999,0.8340141612200435,0.6670070806100217,0.6670070806100217,Medium,Medium
Wonka Bar -Scrumdiddlyumptious,Interior,Same Day,Secret Factory,14,57,205.20000000000002,142.5,62.699999999999996,1.0,Secret Factory,False,0.8,0.6666666666666666,0.19999999999999996,19.999999999999996,0.9999999999999998,0.8169934640522875,0.9999999999999998,0.8169934640522875,0.9084967320261437,0.9084967320261437,High,Low
Wonka Bar -Scrumdiddlyumptious,Interior,Same Day,Sugar Shack,14,57,205.20000000000002,142.5,62.699999999999996,1.0,Sugar Shack,False,0.95,0.6944444444444444,0.050000000000000044,5.000000000000004,0.2500000000000002,0.8510348583877995,0.2500000000000002,0.8510348583877995,0.5505174291938999,0.5505174291938999,Medium,Medium
Wonka Bar -Scrumdiddlyumptious,Interior,Same Day,The Other Factory,14,57,205.20000000000002,142.5,62.699999999999996,1.0,The Other Factory,False,1.05,0.7083333333333334,-0.050000000000000044,-5.000000000000004,-0.2500000000000002,0.8680555555555556,0.0,0.8680555555555556,0.4340277777777778,0.4340277777777778,Low,High
Wonka Bar -Scrumdiddlyumptious,Interior,Same Day,Wicked Choccy's,14,57,205.20000000000002,142.5,62.699999999999996,1.0,Wicked Choccy's,False,0.85,0.673611111111111,0.15000000000000002,15.000000000000002,0.7500000000000001,0.8255038126361655,0.7500000000000001,0.8255038126361655,0.7877519063180828,0.7877519063180828,High,Low
Wonka Bar -Scrumdiddlyumptious,Interior,Second Class,Lot's O' Nuts,72,335,1206.0,837.5,368.50000000000006,3.0,Lot's O' Nuts,False,2.7,0.6805555555555555,0.2999999999999998,9.999999999999993,0.49999999999999967,0.8340141612200435,0.49999999999999967,0.8340141612200435,0.6670070806100216,0.6670070806100216,Medium,Medium
Wonka Bar -Scrumdiddlyumptious,Interior,Second Class,Secret Factory,72,335,1206.0,837.5,368.50000000000006,3.0,Secret Factory,False,2.4000000000000004,0.6666666666666666,0.5999999999999996,19.999999999999986,0.9999999999999993,0.8169934640522875,0.9999999999999993,0.8169934640522875,0.9084967320261434,0.9084967320261434,High,Low
Wonka Bar -Scrumdiddlyumptious,Interior,Second Class,Sugar Shack,72,335,1206.0,837.5,368.50000000000006,3.0,Sugar Shack,False,2.8499999999999996,0.6944444444444444,0.15000000000000036,5.000000000000012,0.2500000000000006,0.8510348583877995,0.2500000000000006,0.8510348583877995,0.5505174291939,0.5505174291939,Medium,Medium
Wonka Bar -Scrumdiddlyumptious,Interior,Second Class,The Other Factory,72,335,1206.0,837.5,368.50000000000006,3.0,The Other Factory,False,3.1500000000000004,0.7083333333333334,-0.15000000000000036,-5.000000000000012,-0.2500000000000006,0.8680555555555556,0.0,0.8680555555555556,0.4340277777777778,0.4340277777777778,Low,High
Wonka Bar -Scrumdiddlyumptious,Interior,Second Class,Wicked Choccy's,72,335,1206.0,837.5,368.50000000000006,3.0,Wicked Choccy's,False,2.55,0.673611111111111,0.4500000000000002,15.000000000000005,0.7500000000000002,0.8255038126361655,0.7500000000000002,0.8255038126361655,0.7877519063180829,0.7877519063180829,High,Low
Wonka Bar -Scrumdiddlyumptious,Interior,Standard Class,Lot's O' Nuts,246,1096,3945.6,2740.0,1205.6,5.0,Lot's O' Nuts,False,4.5,0.6805555555555555,0.5,10.0,0.5,0.8340141612200435,0.5,0.8340141612200435,0.6670070806100217,0.6670070806100217,Medium,Medium
Wonka Bar -Scrumdiddlyumptious,Interior,Standard Class,Secret Factory,246,1096,3945.6,2740.0,1205.6,5.0,Secret Factory,False,4.0,0.6666666666666666,1.0,20.0,1.0,0.8169934640522875,1.0,0.8169934640522875,0.9084967320261437,0.9084967320261437,High,Low
Wonka Bar -Scrumdiddlyumptious,Interior,Standard Class,Sugar Shack,246,1096,3945.6,2740.0,1205.6,5.0,Sugar Shack,False,4.75,0.6944444444444444,0.25,5.0,0.25,0.8510348583877995,0.25,0.8510348583877995,0.5505174291938997,0.5505174291938997,Medium,Medium
Wonka Bar -Scrumdiddlyumptious,Interior,Standard Class,The Other Factory,246,1096,3945.6,2740.0,1205.6,5.0,The Other Factory,False,5.25,0.7083333333333334,-0.25,-5.0,-0.25,0.8680555555555556,0.0,0.8680555555555556,0.4340277777777778,0.4340277777777778,Low,High
Wonka Bar -Scrumdiddlyumptious,Interior,Standard Class,Wicked Choccy's,246,1096,3945.6,2740.0,1205.6,5.0,Wicked Choccy's,False,4.25,0.673611111111111,0.75,15.0,0.75,0.8255038126361655,0.75,0.8255038126361655,0.7877519063180827,0.7877519063180827,High,Low
Wonka Bar -Scrumdiddlyumptious,Pacific,First Class,Lot's O' Nuts,92,444,1598.3999999999999,1110.0,488.4000000000001,2.0,Lot's O' Nuts,False,1.8,0.6805555555555556,0.19999999999999996,9.999999999999998,0.4999999999999999,0.8340141612200436,0.4999999999999999,0.8340141612200436,0.6670070806100217,0.6670070806100217,Medium,Medium
Wonka Bar -Scrumdiddlyumptious,Pacific,First Class,Secret Factory,92,444,1598.3999999999999,1110.0,488.4000000000001,2.0,Secret Factory,False,1.6,0.6666666666666667,0.3999999999999999,19.999999999999996,0.9999999999999998,0.8169934640522876,0.9999999999999998,0.8169934640522876,0.9084967320261437,0.9084967320261437,High,Low
Wonka Bar -Scrumdiddlyumptious,Pacific,First Class,Sugar Shack,92,444,1598.3999999999999,1110.0,488.4000000000001,2.0,Sugar Shack,False,1.9,0.6944444444444445,0.10000000000000009,5.000000000000004,0.2500000000000002,0.8510348583877996,0.2500000000000002,0.8510348583877996,0.5505174291938999,0.5505174291938999,Medium,Medium
Wonka Bar -Scrumdiddlyumptious,Pacific,First Class,The Other Factory,92,444,1598.3999999999999,1110.0,488.4000000000001,2.0,The Other Factory,False,2.1,0.7083333333333335,-0.10000000000000009,-5.000000000000004,-0.2500000000000002,0.8680555555555557,0.0,0.8680555555555557,0.43402777777777785,0.43402777777777785,Low,High
Wonka Bar -Scrumdiddlyumptious,Pacific,First Class,Wicked Choccy's,92,444,1598.3999999999999,1110.0,488.4000000000001,2.0,Wicked Choccy's,False,1.7,0.6736111111111112,0.30000000000000004,15.000000000000002,0.7500000000000001,0.8255038126361656,0.7500000000000001,0.8255038126361656,0.7877519063180829,0.7877519063180829,High,Low
Wonka Bar -Scrumdiddlyumptious,Pacific,Same Day,Lot's O' Nuts,33,140,504.0,350.0,153.99999999999997,1.0,Lot's O' Nuts,False,0.9,0.6805555555555555,0.09999999999999998,9.999999999999998,0.4999999999999999,0.8340141612200435,0.4999999999999999,0.8340141612200435,0.6670070806100217,0.6670070806100217,Medium,Medium
Wonka Bar -Scrumdiddlyumptious,Pacific,Same Day,Secret Factory,33,140,504.0,350.0,153.99999999999997,1.0,Secret Factory,False,0.8,0.6666666666666666,0.19999999999999996,19.999999999999996,0.9999999999999998,0.8169934640522875,0.9999999999999998,0.8169934640522875,0.9084967320261437,0.9084967320261437,High,Low
Wonka Bar -Scrumdiddlyumptious,Pacific,Same Day,Sugar Shack,33,140,504.0,350.0,153.99999999999997,1.0,Sugar Shack,False,0.95,0.6944444444444444,0.050000000000000044,5.000000000000004,0.2500000000000002,0.8510348583877995,0.2500000000000002,0.8510348583877995,0.5505174291938999,0.5505174291938999,Medium,Medium
Wonka Bar -Scrumdiddlyumptious,Pacific,Same Day,The Other Factory,33,140,504.0,350.0,153.99999999999997,1.0,The Other Factory,False,1.05,0.7083333333333334,-0.050000000000000044,-5.000000000000004,-0.2500000000000002,0.8680555555555556,0.0,0.8680555555555556,0.4340277777777778,0.4340277777777778,Low,High
Wonka Bar -Scrumdiddlyumptious,Pacific,Same Day,Wicked Choccy's,33,140,504.0,350.0,153.99999999999997,1.0,Wicked Choccy's,False,0.85,0.673611111111111,0.15000000000000002,15.000000000000002,0.7500000000000001,0.8255038126361655,0.7500000000000001,0.8255038126361655,0.7877519063180828,0.7877519063180828,High,Low
Wonka Bar -Scrumdiddlyumptious,Pacific,Second Class,Lot's O' Nuts,121,488,1756.8000000000002,1220.0,536.8,3.0,Lot's O' Nuts,False,2.7,0.6805555555555555,0.2999999999999998,9.999999999999993,0.49999999999999967,0.8340141612200435,0.49999999999999967,0.8340141612200435,0.6670070806100216,0.6670070806100216,Medium,Medium
Wonka Bar -Scrumdiddlyumptious,Pacific,Second Class,Secret Factory,121,488,1756.8000000000002,1220.0,536.8,3.0,Secret Factory,False,2.4000000000000004,0.6666666666666666,0.5999999999999996,19.999999999999986,0.9999999999999993,0.8169934640522875,0.9999999999999993,0.8169934640522875,0.9084967320261434,0.9084967320261434,High,Low
Wonka Bar -Scrumdiddlyumptious,Pacific,Second Class,Sugar Shack,121,488,1756.8000000000002,1220.0,536.8,3.0,Sugar Shack,False,2.8499999999999996,0.6944444444444444,0.15000000000000036,5.000000000000012,0.2500000000000006,0.8510348583877995,0.2500000000000006,0.8510348583877995,0.5505174291939,0.5505174291939,Medium,Medium
Wonka Bar -Scrumdiddlyumptious,Pacific,Second Class,The Other Factory,121,488,1756.8000000000002,1220.0,536.8,3.0,The Other Factory,False,3.1500000000000004,0.7083333333333334,-0.15000000000000036,-5.000000000000012,-0.2500000000000006,0.8680555555555556,0.0,0.8680555555555556,0.4340277777777778,0.4340277777777778,Low,High
Wonka Bar -Scrumdiddlyumptious,Pacific,Second Class,Wicked Choccy's,121,488,1756.8000000000002,1220.0,536.8,3.0,Wicked Choccy's,False,2.55,0.673611111111111,0.4500000000000002,15.000000000000005,0.7500000000000002,0.8255038126361655,0.7500000000000002,0.8255038126361655,0.7877519063180829,0.7877519063180829,High,Low
Wonka Bar -Scrumdiddlyumptious,Pacific,Standard Class,Lot's O' Nuts,314,1396,5025.599999999999,3490.0,1535.6000000000001,5.0,Lot's O' Nuts,False,4.5,0.6805555555555556,0.5,10.0,0.5,0.8340141612200436,0.5,0.8340141612200436,0.6670070806100218,0.6670070806100218,Medium,Medium
Wonka Bar -Scrumdiddlyumptious,Pacific,Standard Class,Secret Factory,314,1396,5025.599999999999,3490.0,1535.6000000000001,5.0,Secret Factory,False,4.0,0.6666666666666667,1.0,20.0,1.0,0.8169934640522876,1.0,0.8169934640522876,0.9084967320261438,0.9084967320261438,High,Low
Wonka Bar -Scrumdiddlyumptious,Pacific,Standard Class,Sugar Shack,314,1396,5025.599999999999,3490.0,1535.6000000000001,5.0,Sugar Shack,False,4.75,0.6944444444444445,0.25,5.0,0.25,0.8510348583877996,0.25,0.8510348583877996,0.5505174291938998,0.5505174291938998,Medium,Medium
Wonka Bar -Scrumdiddlyumptious,Pacific,Standard Class,The Other Factory,314,1396,5025.599999999999,3490.0,1535.6000000000001,5.0,The Other Factory,False,5.25,0.7083333333333335,-0.25,-5.0,-0.25,0.8680555555555557,0.0,0.8680555555555557,0.43402777777777785,0.43402777777777785,Low,High
Wonka Bar -Scrumdiddlyumptious,Pacific,Standard Class,Wicked Choccy's,314,1396,5025.599999999999,3490.0,1535.6000000000001,5.0,Wicked Choccy's,False,4.25,0.6736111111111112,0.75,15.0,0.75,0.8255038126361656,0.75,0.8255038126361656,0.7877519063180828,0.7877519063180828,High,Low
Wonka Gum,Atlantic,First Class,Lot's O' Nuts,8,38,47.5,24.7,22.8,2.0,Lot's O' Nuts,False,1.8,0.5096,0.19999999999999996,9.999999999999998,0.4999999999999999,0.6245098039215686,0.4999999999999999,0.6245098039215686,0.5622549019607843,0.5622549019607843,Medium,Medium
Wonka Gum,Atlantic,First Class,Secret Factory,8,38,47.5,24.7,22.8,2.0,Secret Factory,False,1.6,0.4992,0.3999999999999999,19.999999999999996,0.9999999999999998,0.6117647058823529,0.9999999999999998,0.6117647058823529,0.8058823529411763,0.8058823529411763,High,Low
Wonka Gum,Atlantic,First Class,Sugar Shack,8,38,47.5,24.7,22.8,2.0,Sugar Shack,False,1.9,0.52,0.10000000000000009,5.000000000000004,0.2500000000000002,0.6372549019607843,0.2500000000000002,0.6372549019607843,0.44362745098039225,0.44362745098039225,Low,High
Wonka Gum,Atlantic,First Class,The Other Factory,8,38,47.5,24.7,22.8,2.0,The Other Factory,False,2.1,0.5304,-0.10000000000000009,-5.000000000000004,-0.2500000000000002,0.6499999999999999,0.0,0.6499999999999999,0.32499999999999996,0.32499999999999996,Low,High
Wonka Gum,Atlantic,First Class,Wicked Choccy's,8,38,47.5,24.7,22.8,2.0,Wicked Choccy's,False,1.7,0.5044,0.30000000000000004,15.000000000000002,0.7500000000000001,0.6181372549019607,0.7500000000000001,0.6181372549019607,0.6840686274509804,0.6840686274509804,Medium,Medium
Wonka Gum,Atlantic,Same Day,Lot's O' Nuts,1,7,8.75,4.55,4.2,1.0,Lot's O' Nuts,False,0.9,0.5096,0.09999999999999998,9.999999999999998,0.4999999999999999,0.6245098039215686,0.4999999999999999,0.6245098039215686,0.5622549019607843,0.5622549019607843,Medium,Medium
Wonka Gum,Atlantic,Same Day,Secret Factory,1,7,8.75,4.55,4.2,1.0,Secret Factory,False,0.8,0.4992,0.19999999999999996,19.999999999999996,0.9999999999999998,0.6117647058823529,0.9999999999999998,0.6117647058823529,0.8058823529411763,0.8058823529411763,High,Low
Wonka Gum,Atlantic,Same Day,Sugar Shack,1,7,8.75,4.55,4.2,1.0,Sugar Shack,False,0.95,0.52,0.050000000000000044,5.000000000000004,0.2500000000000002,0.6372549019607843,0.2500000000000002,0.6372549019607843,0.44362745098039225,0.44362745098039225,Low,High
Wonka Gum,Atlantic,Same Day,The Other Factory,1,7,8.75,4.55,4.2,1.0,The Other Factory,False,1.05,0.5304,-0.050000000000000044,-5.000000000000004,-0.2500000000000002,0.6499999999999999,0.0,0.6499999999999999,0.32499999999999996,0.32499999999999996,Low,High
Wonka Gum,Atlantic,Same Day,Wicked Choccy's,1,7,8.75,4.55,4.2,1.0,Wicked Choccy's,False,0.85,0.5044,0.15000000000000002,15.000000000000002,0.7500000000000001,0.6181372549019607,0.7500000000000001,0.6181372549019607,0.6840686274509804,0.6840686274509804,Medium,Medium
Wonka Gum,Atlantic,Second Class,Lot's O' Nuts,3,9,11.25,5.85,5.4,3.0,Lot's O' Nuts,False,2.7,0.5096,0.2999999999999998,9.999999999999993,0.49999999999999967,0.6245098039215686,0.49999999999999967,0.6245098039215686,0.5622549019607841,0.5622549019607841,Medium,Medium
Wonka Gum,Atlantic,Second Class,Secret Factory,3,9,11.25,5.85,5.4,3.0,Secret Factory,False,2.4000000000000004,0.4992,0.5999999999999996,19.999999999999986,0.9999999999999993,0.6117647058823529,0.9999999999999993,0.6117647058823529,0.805882352941176,0.805882352941176,High,Low
Wonka Gum,Atlantic,Second Class,Sugar Shack,3,9,11.25,5.85,5.4,3.0,Sugar Shack,False,2.8499999999999996,0.52,0.15000000000000036,5.000000000000012,0.2500000000000006,0.6372549019607843,0.2500000000000006,0.6372549019607843,0.44362745098039247,0.44362745098039247,Low,High
Wonka Gum,Atlantic,Second Class,The Other Factory,3,9,11.25,5.85,5.4,3.0,The Other Factory,False,3.1500000000000004,0.5304,-0.15000000000000036,-5.000000000000012,-0.2500000000000006,0.6499999999999999,0.0,0.6499999999999999,0.32499999999999996,0.32499999999999996,Low,High
Wonka Gum,Atlantic,Second Class,Wicked Choccy's,3,9,11.25,5.85,5.4,3.0,Wicked Choccy's,False,2.55,0.5044,0.4500000000000002,15.000000000000005,0.7500000000000002,0.6181372549019607,0.7500000000000002,0.6181372549019607,0.6840686274509804,0.6840686274509804,Medium,Medium
Wonka Gum,Atlantic,Standard Class,Lot's O' Nuts,24,115,143.75,74.75,69.0,5.0,Lot's O' Nuts,False,4.5,0.5096,0.5,10.0,0.5,0.6245098039215686,0.5,0.6245098039215686,0.5622549019607843,0.5622549019607843,Medium,Medium
Wonka Gum,Atlantic,Standard Class,Secret Factory,24,115,143.75,74.75,69.0,5.0,Secret Factory,False,4.0,0.4992,1.0,20.0,1.0,0.6117647058823529,1.0,0.6117647058823529,0.8058823529411765,0.8058823529411765,High,Low
Wonka Gum,Atlantic,Standard Class,Sugar Shack,24,115,143.75,74.75,69.0,5.0,Sugar Shack,False,4.75,0.52,0.25,5.0,0.25,0.6372549019607843,0.25,0.6372549019607843,0.44362745098039214,0.44362745098039214,Low,High
Wonka Gum,Atlantic,Standard Class,The Other Factory,24,115,143.75,74.75,69.0,5.0,The Other Factory,False,5.25,0.5304,-0.25,-5.0,-0.25,0.6499999999999999,0.0,0.6499999999999999,0.32499999999999996,0.32499999999999996,Low,High
Wonka Gum,Atlantic,Standard Class,Wicked Choccy's,24,115,143.75,74.75,69.0,5.0,Wicked Choccy's,False,4.25,0.5044,0.75,15.0,0.75,0.6181372549019607,0.75,0.6181372549019607,0.6840686274509804,0.6840686274509804,Medium,Medium
Wonka Gum,Gulf,First Class,Lot's O' Nuts,4,23,28.75,14.95,13.8,2.0,Lot's O' Nuts,False,1.8,0.5096,0.19999999999999996,9.999999999999998,0.4999999999999999,0.6245098039215686,0.4999999999999999,0.6245098039215686,0.5622549019607843,0.5622549019607843,Medium,Medium
Wonka Gum,Gulf,First Class,Secret Factory,4,23,28.75,14.95,13.8,2.0,Secret Factory,False,1.6,0.4992,0.3999999999999999,19.999999999999996,0.9999999999999998,0.6117647058823529,0.9999999999999998,0.6117647058823529,0.8058823529411763,0.8058823529411763,High,Low
Wonka Gum,Gulf,First Class,Sugar Shack,4,23,28.75,14.95,13.8,2.0,Sugar Shack,False,1.9,0.52,0.10000000000000009,5.000000000000004,0.2500000000000002,0.6372549019607843,0.2500000000000002,0.6372549019607843,0.44362745098039225,0.44362745098039225,Low,High
Wonka Gum,Gulf,First Class,The Other Factory,4,23,28.75,14.95,13.8,2.0,The Other Factory,False,2.1,0.5304,-0.10000000000000009,-5.000000000000004,-0.2500000000000002,0.6499999999999999,0.0,0.6499999999999999,0.32499999999999996,0.32499999999999996,Low,High
Wonka Gum,Gulf,First Class,Wicked Choccy's,4,23,28.75,14.95,13.8,2.0,Wicked Choccy's,False,1.7,0.5044,0.30000000000000004,15.000000000000002,0.7500000000000001,0.6181372549019607,0.7500000000000001,0.6181372549019607,0.6840686274509804,0.6840686274509804,Medium,Medium
Wonka Gum,Gulf,Same Day,Lot's O' Nuts,1,4,5.0,2.6,2.4,1.0,Lot's O' Nuts,False,0.9,0.5096,0.09999999999999998,9.999999999999998,0.4999999999999999,0.6245098039215686,0.4999999999999999,0.6245098039215686,0.5622549019607843,0.5622549019607843,Medium,Medium
Wonka Gum,Gulf,Same Day,Secret Factory,1,4,5.0,2.6,2.4,1.0,Secret Factory,False,0.8,0.4992,0.19999999999999996,19.999999999999996,0.9999999999999998,0.6117647058823529,0.9999999999999998,0.6117647058823529,0.8058823529411763,0.8058823529411763,High,Low
Wonka Gum,Gulf,Same Day,Sugar Shack,1,4,5.0,2.6,2.4,1.0,Sugar Shack,False,0.95,0.52,0.050000000000000044,5.000000000000004,0.2500000000000002,0.6372549019607843,0.2500000000000002,0.6372549019607843,0.44362745098039225,0.44362745098039225,Low,High
Wonka Gum,Gulf,Same Day,The Other Factory,1,4,5.0,2.6,2.4,1.0,The Other Factory,False,1.05,0.5304,-0.050000000000000044,-5.000000000000004,-0.2500000000000002,0.6499999999999999,0.0,0.6499999999999999,0.32499999999999996,0.32499999999999996,Low,High
Wonka Gum,Gulf,Same Day,Wicked Choccy's,1,4,5.0,2.6,2.4,1.0,Wicked Choccy's,False,0.85,0.5044,0.15000000000000002,15.000000000000002,0.7500000000000001,0.6181372549019607,0.7500000000000001,0.6181372549019607,0.6840686274509804,0.6840686274509804,Medium,Medium
Wonka Gum,Gulf,Second Class,Lot's O' Nuts,8,36,45.0,23.400000000000002,21.599999999999998,3.0,Lot's O' Nuts,False,2.7,0.5096,0.2999999999999998,9.999999999999993,0.49999999999999967,0.6245098039215686,0.49999999999999967,0.6245098039215686,0.5622549019607841,0.5622549019607841,Medium,Medium
Wonka Gum,Gulf,Second Class,Secret Factory,8,36,45.0,23.400000000000002,21.599999999999998,3.0,Secret Factory,False,2.4000000000000004,0.4992,0.5999999999999996,19.999999999999986,0.9999999999999993,0.6117647058823529,0.9999999999999993,0.6117647058823529,0.805882352941176,0.805882352941176,High,Low
Wonka Gum,Gulf,Second Class,Sugar Shack,8,36,45.0,23.400000000000002,21.599999999999998,3.0,Sugar Shack,False,2.8499999999999996,0.52,0.15000000000000036,5.000000000000012,0.2500000000000006,0.6372549019607843,0.2500000000000006,0.6372549019607843,0.44362745098039247,0.44362745098039247,Low,High
Wonka Gum,Gulf,Second Class,The Other Factory,8,36,45.0,23.400000000000002,21.599999999999998,3.0,The Other Factory,False,3.1500000000000004,0.5304,-0.15000000000000036,-5.000000000000012,-0.2500000000000006,0.6499999999999999,0.0,0.6499999999999999,0.32499999999999996,0.32499999999999996,Low,High
Wonka Gum,Gulf,Second Class,Wicked Choccy's,8,36,45.0,23.400000000000002,21.599999999999998,3.0,Wicked Choccy's,False,2.55,0.5044,0.4500000000000002,15.000000000000005,0.7500000000000002,0.6181372549019607,0.7500000000000002,0.6181372549019607,0.6840686274509804,0.6840686274509804,Medium,Medium
Wonka Gum,Gulf,Standard Class,Lot's O' Nuts,12,57,71.25,37.05,34.2,5.0,Lot's O' Nuts,False,4.5,0.5095999999999999,0.5,10.0,0.5,0.6245098039215685,0.5,0.6245098039215685,0.5622549019607843,0.5622549019607843,Medium,Medium
Wonka Gum,Gulf,Standard Class,Secret Factory,12,57,71.25,37.05,34.2,5.0,Secret Factory,False,4.0,0.49919999999999987,1.0,20.0,1.0,0.6117647058823528,1.0,0.6117647058823528,0.8058823529411764,0.8058823529411764,High,Low
Wonka Gum,Gulf,Standard Class,Sugar Shack,12,57,71.25,37.05,34.2,5.0,Sugar Shack,False,4.75,0.5199999999999999,0.25,5.0,0.25,0.6372549019607842,0.25,0.6372549019607842,0.4436274509803921,0.4436274509803921,Low,High
Wonka Gum,Gulf,Standard Class,The Other Factory,12,57,71.25,37.05,34.2,5.0,The Other Factory,False,5.25,0.5303999999999999,-0.25,-5.0,-0.25,0.6499999999999998,0.0,0.6499999999999998,0.3249999999999999,0.3249999999999999,Low,High
Wonka Gum,Gulf,Standard Class,Wicked Choccy's,12,57,71.25,37.05,34.2,5.0,Wicked Choccy's,False,4.25,0.5043999999999998,0.75,15.0,0.75,0.6181372549019606,0.75,0.6181372549019606,0.6840686274509803,0.6840686274509803,Medium,Medium
Wonka Gum,Interior,First Class,Lot's O' Nuts,9,38,47.5,24.7,22.8,2.0,Lot's O' Nuts,False,1.8,0.5096,0.19999999999999996,9.999999999999998,0.4999999999999999,0.6245098039215686,0.4999999999999999,0.6245098039215686,0.5622549019607843,0.5622549019607843,Medium,Medium
Wonka Gum,Interior,First Class,Secret Factory,9,38,47.5,24.7,22.8,2.0,Secret Factory,False,1.6,0.4992,0.3999999999999999,19.999999999999996,0.9999999999999998,0.6117647058823529,0.9999999999999998,0.6117647058823529,0.8058823529411763,0.8058823529411763,High,Low
Wonka Gum,Interior,First Class,Sugar Shack,9,38,47.5,24.7,22.8,2.0,Sugar Shack,False,1.9,0.52,0.10000000000000009,5.000000000000004,0.2500000000000002,0.6372549019607843,0.2500000000000002,0.6372549019607843,0.44362745098039225,0.44362745098039225,Low,High
Wonka Gum,Interior,First Class,The Other Factory,9,38,47.5,24.7,22.8,2.0,The Other Factory,False,2.1,0.5304,-0.10000000000000009,-5.000000000000004,-0.2500000000000002,0.6499999999999999,0.0,0.6499999999999999,0.32499999999999996,0.32499999999999996,Low,High
Wonka Gum,Interior,First Class,Wicked Choccy's,9,38,47.5,24.7,22.8,2.0,Wicked Choccy's,False,1.7,0.5044,0.30000000000000004,15.000000000000002,0.7500000000000001,0.6181372549019607,0.7500000000000001,0.6181372549019607,0.6840686274509804,0.6840686274509804,Medium,Medium
Wonka Gum,Interior,Same Day,Lot's O' Nuts,2,9,11.25,5.85,5.4,1.0,Lot's O' Nuts,False,0.9,0.5096,0.09999999999999998,9.999999999999998,0.4999999999999999,0.6245098039215686,0.4999999999999999,0.6245098039215686,0.5622549019607843,0.5622549019607843,Medium,Medium
Wonka Gum,Interior,Same Day,Secret Factory,2,9,11.25,5.85,5.4,1.0,Secret Factory,False,0.8,0.4992,0.19999999999999996,19.999999999999996,0.9999999999999998,0.6117647058823529,0.9999999999999998,0.6117647058823529,0.8058823529411763,0.8058823529411763,High,Low
Wonka Gum,Interior,Same Day,Sugar Shack,2,9,11.25,5.85,5.4,1.0,Sugar Shack,False,0.95,0.52,0.050000000000000044,5.000000000000004,0.2500000000000002,0.6372549019607843,0.2500000000000002,0.6372549019607843,0.44362745098039225,0.44362745098039225,Low,High
Wonka Gum,Interior,Same Day,The Other Factory,2,9,11.25,5.85,5.4,1.0,The Other Factory,False,1.05,0.5304,-0.050000000000000044,-5.000000000000004,-0.2500000000000002,0.6499999999999999,0.0,0.6499999999999999,0.32499999999999996,0.32499999999999996,Low,High
Wonka Gum,Interior,Same Day,Wicked Choccy's,2,9,11.25,5.85,5.4,1.0,Wicked Choccy's,False,0.85,0.5044,0.15000000000000002,15.000000000000002,0.7500000000000001,0.6181372549019607,0.7500000000000001,0.6181372549019607,0.6840686274509804,0.6840686274509804,Medium,Medium
Wonka Gum,Interior,Second Class,Lot's O' Nuts,4,17,21.25,11.05,10.2,3.0,Lot's O' Nuts,False,2.7,0.5096,0.2999999999999998,9.999999999999993,0.49999999999999967,0.6245098039215686,0.49999999999999967,0.6245098039215686,0.5622549019607841,0.5622549019607841,Medium,Medium
Wonka Gum,Interior,Second Class,Secret Factory,4,17,21.25,11.05,10.2,3.0,Secret Factory,False,2.4000000000000004,0.4992,0.5999999999999996,19.999999999999986,0.9999999999999993,0.6117647058823529,0.9999999999999993,0.6117647058823529,0.805882352941176,0.805882352941176,High,Low
Wonka Gum,Interior,Second Class,Sugar Shack,4,17,21.25,11.05,10.2,3.0,Sugar Shack,False,2.8499999999999996,0.52,0.15000000000000036,5.000000000000012,0.2500000000000006,0.6372549019607843,0.2500000000000006,0.6372549019607843,0.44362745098039247,0.44362745098039247,Low,High
Wonka Gum,Interior,Second Class,The Other Factory,4,17,21.25,11.05,10.2,3.0,The Other Factory,False,3.1500000000000004,0.5304,-0.15000000000000036,-5.000000000000012,-0.2500000000000006,0.6499999999999999,0.0,0.6499999999999999,0.32499999999999996,0.32499999999999996,Low,High
Wonka Gum,Interior,Second Class,Wicked Choccy's,4,17,21.25,11.05,10.2,3.0,Wicked Choccy's,False,2.55,0.5044,0.4500000000000002,15.000000000000005,0.7500000000000002,0.6181372549019607,0.7500000000000002,0.6181372549019607,0.6840686274509804,0.6840686274509804,Medium,Medium
Wonka Gum,Interior,Standard Class,Lot's O' Nuts,14,48,60.0,31.2,28.8,5.0,Lot's O' Nuts,False,4.5,0.5096,0.5,10.0,0.5,0.6245098039215686,0.5,0.6245098039215686,0.5622549019607843,0.5622549019607843,Medium,Medium
Wonka Gum,Interior,Standard Class,Secret Factory,14,48,60.0,31.2,28.8,5.0,Secret Factory,False,4.0,0.4992,1.0,20.0,1.0,0.6117647058823529,1.0,0.6117647058823529,0.8058823529411765,0.8058823529411765,High,Low
Wonka Gum,Interior,Standard Class,Sugar Shack,14,48,60.0,31.2,28.8,5.0,Sugar Shack,False,4.75,0.52,0.25,5.0,0.25,0.6372549019607843,0.25,0.6372549019607843,0.44362745098039214,0.44362745098039214,Low,High
Wonka Gum,Interior,Standard Class,The Other Factory,14,48,60.0,31.2,28.8,5.0,The Other Factory,False,5.25,0.5304,-0.25,-5.0,-0.25,0.6499999999999999,0.0,0.6499999999999999,0.32499999999999996,0.32499999999999996,Low,High
Wonka Gum,Interior,Standard Class,Wicked Choccy's,14,48,60.0,31.2,28.8,5.0,Wicked Choccy's,False,4.25,0.5044,0.75,15.0,0.75,0.6181372549019607,0.75,0.6181372549019607,0.6840686274509804,0.6840686274509804,Medium,Medium
Wonka Gum,Pacific,First Class,Lot's O' Nuts,6,13,16.25,8.450000000000001,7.8,2.0,Lot's O' Nuts,False,1.8,0.5096,0.19999999999999996,9.999999999999998,0.4999999999999999,0.6245098039215686,0.4999999999999999,0.6245098039215686,0.5622549019607843,0.5622549019607843,Medium,Medium
Wonka Gum,Pacific,First Class,Secret Factory,6,13,16.25,8.450000000000001,7.8,2.0,Secret Factory,False,1.6,0.4992,0.3999999999999999,19.999999999999996,0.9999999999999998,0.6117647058823529,0.9999999999999998,0.6117647058823529,0.8058823529411763,0.8058823529411763,High,Low
Wonka Gum,Pacific,First Class,Sugar Shack,6,13,16.25,8.450000000000001,7.8,2.0,Sugar Shack,False,1.9,0.52,0.10000000000000009,5.000000000000004,0.2500000000000002,0.6372549019607843,0.2500000000000002,0.6372549019607843,0.44362745098039225,0.44362745098039225,Low,High
Wonka Gum,Pacific,First Class,The Other Factory,6,13,16.25,8.450000000000001,7.8,2.0,The Other Factory,False,2.1,0.5304,-0.10000000000000009,-5.000000000000004,-0.2500000000000002,0.6499999999999999,0.0,0.6499999999999999,0.32499999999999996,0.32499999999999996,Low,High
Wonka Gum,Pacific,First Class,Wicked Choccy's,6,13,16.25,8.450000000000001,7.8,2.0,Wicked Choccy's,False,1.7,0.5044,0.30000000000000004,15.000000000000002,0.7500000000000001,0.6181372549019607,0.7500000000000001,0.6181372549019607,0.6840686274509804,0.6840686274509804,Medium,Medium
Wonka Gum,Pacific,Same Day,Lot's O' Nuts,3,14,17.5,9.1,8.4,1.0,Lot's O' Nuts,False,0.9,0.5096,0.09999999999999998,9.999999999999998,0.4999999999999999,0.6245098039215686,0.4999999999999999,0.6245098039215686,0.5622549019607843,0.5622549019607843,Medium,Medium
Wonka Gum,Pacific,Same Day,Secret Factory,3,14,17.5,9.1,8.4,1.0,Secret Factory,False,0.8,0.4992,0.19999999999999996,19.999999999999996,0.9999999999999998,0.6117647058823529,0.9999999999999998,0.6117647058823529,0.8058823529411763,0.8058823529411763,High,Low
Wonka Gum,Pacific,Same Day,Sugar Shack,3,14,17.5,9.1,8.4,1.0,Sugar Shack,False,0.95,0.52,0.050000000000000044,5.000000000000004,0.2500000000000002,0.6372549019607843,0.2500000000000002,0.6372549019607843,0.44362745098039225,0.44362745098039225,Low,High
Wonka Gum,Pacific,Same Day,The Other Factory,3,14,17.5,9.1,8.4,1.0,The Other Factory,False,1.05,0.5304,-0.050000000000000044,-5.000000000000004,-0.2500000000000002,0.6499999999999999,0.0,0.6499999999999999,0.32499999999999996,0.32499999999999996,Low,High
Wonka Gum,Pacific,Same Day,Wicked Choccy's,3,14,17.5,9.1,8.4,1.0,Wicked Choccy's,False,0.85,0.5044,0.15000000000000002,15.000000000000002,0.7500000000000001,0.6181372549019607,0.7500000000000001,0.6181372549019607,0.6840686274509804,0.6840686274509804,Medium,Medium
Wonka Gum,Pacific,Second Class,Lot's O' Nuts,8,25,31.25,16.25,15.0,3.0,Lot's O' Nuts,False,2.7,0.5096,0.2999999999999998,9.999999999999993,0.49999999999999967,0.6245098039215686,0.49999999999999967,0.6245098039215686,0.5622549019607841,0.5622549019607841,Medium,Medium
Wonka Gum,Pacific,Second Class,Secret Factory,8,25,31.25,16.25,15.0,3.0,Secret Factory,False,2.4000000000000004,0.4992,0.5999999999999996,19.999999999999986,0.9999999999999993,0.6117647058823529,0.9999999999999993,0.6117647058823529,0.805882352941176,0.805882352941176,High,Low
Wonka Gum,Pacific,Second Class,Sugar Shack,8,25,31.25,16.25,15.0,3.0,Sugar Shack,False,2.8499999999999996,0.52,0.15000000000000036,5.000000000000012,0.2500000000000006,0.6372549019607843,0.2500000000000006,0.6372549019607843,0.44362745098039247,0.44362745098039247,Low,High
Wonka Gum,Pacific,Second Class,The Other Factory,8,25,31.25,16.25,15.0,3.0,The Other Factory,False,3.1500000000000004,0.5304,-0.15000000000000036,-5.000000000000012,-0.2500000000000006,0.6499999999999999,0.0,0.6499999999999999,0.32499999999999996,0.32499999999999996,Low,High
Wonka Gum,Pacific,Second Class,Wicked Choccy's,8,25,31.25,16.25,15.0,3.0,Wicked Choccy's,False,2.55,0.5044,0.4500000000000002,15.000000000000005,0.7500000000000002,0.6181372549019607,0.7500000000000002,0.6181372549019607,0.6840686274509804,0.6840686274509804,Medium,Medium
Wonka Gum,Pacific,Standard Class,Lot's O' Nuts,11,25,31.25,16.25,15.0,5.0,Lot's O' Nuts,False,4.5,0.5096,0.5,10.0,0.5,0.6245098039215686,0.5,0.6245098039215686,0.5622549019607843,0.5622549019607843,Medium,Medium
Wonka Gum,Pacific,Standard Class,Secret Factory,11,25,31.25,16.25,15.0,5.0,Secret Factory,False,4.0,0.4992,1.0,20.0,1.0,0.6117647058823529,1.0,0.6117647058823529,0.8058823529411765,0.8058823529411765,High,Low
Wonka Gum,Pacific,Standard Class,Sugar Shack,11,25,31.25,16.25,15.0,5.0,Sugar Shack,False,4.75,0.52,0.25,5.0,0.25,0.6372549019607843,0.25,0.6372549019607843,0.44362745098039214,0.44362745098039214,Low,High
Wonka Gum,Pacific,Standard Class,The Other Factory,11,25,31.25,16.25,15.0,5.0,The Other Factory,False,5.25,0.5304,-0.25,-5.0,-0.25,0.6499999999999999,0.0,0.6499999999999999,0.32499999999999996,0.32499999999999996,Low,High
Wonka Gum,Pacific,Standard Class,Wicked Choccy's,11,25,31.25,16.25,15.0,5.0,Wicked Choccy's,False,4.25,0.5044,0.75,15.0,0.75,0.6181372549019607,0.75,0.6181372549019607,0.6840686274509804,0.6840686274509804,Medium,Medium
